order_id,order_date,customer,region,product_category,quantity,sales,profit,discount
ORD00001,2026-04-02,Customer_00001,Hyderabad,Wellness,2,9782.26,880.4,0.01
ORD00002,2026-04-06,Customer_00002,Hyderabad,Personal Care,3,10447.07,1044.71,0.02
ORD00003,2026-04-10,Customer_00003,Hyderabad,Devices,4,9497.34,1044.71,0.03
ORD00004,2026-04-14,Customer_00004,Hyderabad,Medicines,5,10162.15,1219.46,0.04
ORD00005,2026-04-18,Customer_00005,Hyderabad,Wellness,1,10826.96,1407.5,0.05
ORD00006,2026-04-22,Customer_00006,Hyderabad,Personal Care,2,9877.23,1382.81,0.06
ORD00007,2026-04-26,Customer_00007,Hyderabad,Devices,3,10542.04,1581.31,0.07
ORD00008,2026-04-02,Customer_00008,Hyderabad,Medicines,4,9592.31,1534.77,0.08
ORD00009,2026-04-06,Customer_00009,Hyderabad,Wellness,5,10257.12,820.57,0.09
ORD00010,2026-04-10,Customer_00010,Hyderabad,Personal Care,1,10921.94,982.97,0.1
ORD00011,2026-04-14,Customer_00011,Hyderabad,Devices,2,9972.2,997.22,0.11
ORD00012,2026-04-18,Customer_00012,Hyderabad,Medicines,3,10637.02,1170.07,0.12
ORD00013,2026-04-22,Customer_00013,Hyderabad,Wellness,4,9687.28,1162.47,0.13
ORD00014,2026-04-26,Customer_00014,Hyderabad,Personal Care,5,10352.1,1345.77,0.14
ORD00015,2026-04-02,Customer_00015,Hyderabad,Devices,1,11016.91,1542.37,0.15
ORD00016,2026-04-06,Customer_00016,Hyderabad,Medicines,2,10067.18,1510.08,0.16
ORD00017,2026-04-10,Customer_00017,Hyderabad,Wellness,3,10731.99,1717.12,0.17
ORD00018,2026-04-14,Customer_00018,Hyderabad,Personal Care,4,9782.26,782.58,0.18
ORD00019,2026-04-18,Customer_00019,Hyderabad,Devices,5,10447.07,940.24,0.19
ORD00020,2026-04-22,Customer_00020,Hyderabad,Medicines,1,9497.34,949.73,0.2
ORD00021,2026-04-26,Customer_00021,Hyderabad,Wellness,2,10162.15,1117.84,0.0
ORD00022,2026-04-02,Customer_00022,Hyderabad,Personal Care,3,10826.96,1299.24,0.01
ORD00023,2026-04-06,Customer_00023,Hyderabad,Devices,4,9877.23,1284.04,0.02
ORD00024,2026-04-10,Customer_00024,Hyderabad,Medicines,5,10542.04,1475.89,0.03
ORD00025,2026-04-14,Customer_00025,Hyderabad,Wellness,1,9592.31,1438.85,0.04
ORD00026,2026-04-18,Customer_00026,Hyderabad,Personal Care,2,10257.12,1641.14,0.05
ORD00027,2026-04-22,Customer_00027,Hyderabad,Devices,3,10921.94,873.76,0.06
ORD00028,2026-04-26,Customer_00028,Hyderabad,Medicines,4,9972.2,897.5,0.07
ORD00029,2026-04-02,Customer_00029,Hyderabad,Wellness,5,10637.02,1063.7,0.08
ORD00030,2026-04-06,Customer_00030,Hyderabad,Personal Care,1,9687.28,1065.6,0.09
ORD00031,2026-04-10,Customer_00031,Hyderabad,Devices,2,10352.1,1242.25,0.1
ORD00032,2026-04-14,Customer_00032,Hyderabad,Medicines,3,11016.91,1432.2,0.11
ORD00033,2026-04-18,Customer_00033,Hyderabad,Wellness,4,10067.18,1409.41,0.12
ORD00034,2026-04-22,Customer_00034,Hyderabad,Personal Care,5,10731.99,1609.8,0.13
ORD00035,2026-04-26,Customer_00035,Hyderabad,Devices,1,9782.26,1565.16,0.14
ORD00036,2026-04-02,Customer_00036,Hyderabad,Medicines,2,10447.07,835.77,0.15
ORD00037,2026-04-06,Customer_00037,Hyderabad,Wellness,3,9497.34,854.76,0.16
ORD00038,2026-04-10,Customer_00038,Hyderabad,Personal Care,4,10162.15,1016.22,0.17
ORD00039,2026-04-14,Customer_00039,Hyderabad,Devices,5,10826.96,1190.97,0.18
ORD00040,2026-04-18,Customer_00040,Hyderabad,Medicines,1,9877.23,1185.27,0.19
ORD00041,2026-04-22,Customer_00041,Hyderabad,Wellness,2,10542.04,1370.47,0.2
ORD00042,2026-04-26,Customer_00042,Hyderabad,Personal Care,3,9592.31,1342.92,0.0
ORD00043,2026-04-02,Customer_00043,Hyderabad,Devices,4,10257.12,1538.57,0.01
ORD00044,2026-04-06,Customer_00044,Hyderabad,Medicines,5,10921.94,1747.51,0.02
ORD00045,2026-04-10,Customer_00045,Hyderabad,Wellness,1,9972.2,797.78,0.03
ORD00046,2026-04-14,Customer_00046,Hyderabad,Personal Care,2,10637.02,957.33,0.04
ORD00047,2026-04-18,Customer_00047,Hyderabad,Devices,3,9687.28,968.73,0.05
ORD00048,2026-04-22,Customer_00048,Hyderabad,Medicines,4,10352.1,1138.73,0.06
ORD00049,2026-04-26,Customer_00049,Hyderabad,Wellness,5,11016.91,1322.03,0.07
ORD00050,2026-04-02,Customer_00050,Hyderabad,Personal Care,1,10067.18,1308.73,0.08
ORD00051,2026-04-06,Customer_00051,Hyderabad,Devices,2,10731.99,1502.48,0.09
ORD00052,2026-04-10,Customer_00052,Hyderabad,Medicines,3,9782.26,1467.34,0.1
ORD00053,2026-04-14,Customer_00053,Hyderabad,Wellness,4,10447.07,1671.53,0.11
ORD00054,2026-04-18,Customer_00054,Hyderabad,Personal Care,5,9497.34,759.79,0.12
ORD00055,2026-04-22,Customer_00055,Hyderabad,Devices,1,10162.15,914.59,0.13
ORD00056,2026-04-26,Customer_00056,Hyderabad,Medicines,2,10826.96,1082.7,0.14
ORD00057,2026-04-02,Customer_00057,Hyderabad,Wellness,3,9877.23,1086.5,0.15
ORD00058,2026-04-06,Customer_00058,Hyderabad,Personal Care,4,10542.04,1265.04,0.16
ORD00059,2026-04-10,Customer_00059,Hyderabad,Devices,5,9592.31,1247.0,0.17
ORD00060,2026-04-14,Customer_00060,Hyderabad,Medicines,1,10257.12,1436.0,0.18
ORD00061,2026-04-18,Customer_00061,Hyderabad,Wellness,2,10921.94,1638.29,0.19
ORD00062,2026-04-22,Customer_00062,Hyderabad,Personal Care,3,9972.2,1595.55,0.2
ORD00063,2026-04-26,Customer_00063,Hyderabad,Devices,4,10637.02,850.96,0.0
ORD00064,2026-04-02,Customer_00064,Hyderabad,Medicines,5,9687.28,871.86,0.01
ORD00065,2026-04-06,Customer_00065,Hyderabad,Wellness,1,10352.1,1035.21,0.02
ORD00066,2026-04-10,Customer_00066,Hyderabad,Personal Care,2,11016.91,1211.86,0.03
ORD00067,2026-04-14,Customer_00067,Hyderabad,Devices,3,10067.18,1208.06,0.04
ORD00068,2026-04-18,Customer_00068,Hyderabad,Medicines,4,10731.99,1395.16,0.05
ORD00069,2026-04-22,Customer_00069,Hyderabad,Wellness,5,9782.26,1369.52,0.06
ORD00070,2026-04-26,Customer_00070,Hyderabad,Personal Care,1,10447.07,1567.06,0.07
ORD00071,2026-04-02,Customer_00071,Hyderabad,Devices,2,9497.34,1519.57,0.08
ORD00072,2026-04-06,Customer_00072,Hyderabad,Medicines,3,10162.15,812.97,0.09
ORD00073,2026-04-10,Customer_00073,Hyderabad,Wellness,4,10826.96,974.43,0.1
ORD00074,2026-04-14,Customer_00074,Hyderabad,Personal Care,5,9877.23,987.72,0.11
ORD00075,2026-04-18,Customer_00075,Hyderabad,Devices,1,10542.04,1159.62,0.12
ORD00076,2026-04-22,Customer_00076,Hyderabad,Medicines,2,9592.31,1151.08,0.13
ORD00077,2026-04-26,Customer_00077,Hyderabad,Wellness,3,10257.12,1333.43,0.14
ORD00078,2026-04-02,Customer_00078,Hyderabad,Personal Care,4,10921.94,1529.07,0.15
ORD00079,2026-04-06,Customer_00079,Hyderabad,Devices,5,9972.2,1495.83,0.16
ORD00080,2026-04-10,Customer_00080,Hyderabad,Medicines,1,10636.98,1701.92,0.17
ORD00081,2026-04-26,Customer_00081,Warangal,Wellness,2,3865.8,309.26,0.18
ORD00082,2026-04-02,Customer_00082,Warangal,Personal Care,3,4123.52,371.12,0.19
ORD00083,2026-04-06,Customer_00083,Warangal,Devices,4,3755.34,375.53,0.2
ORD00084,2026-04-10,Customer_00084,Warangal,Medicines,5,4013.06,441.44,0.0
ORD00085,2026-04-14,Customer_00085,Warangal,Wellness,1,4270.78,512.49,0.01
ORD00086,2026-04-18,Customer_00086,Warangal,Personal Care,2,3902.61,507.34,0.02
ORD00087,2026-04-22,Customer_00087,Warangal,Devices,3,4160.33,582.45,0.03
ORD00088,2026-04-26,Customer_00088,Warangal,Medicines,4,3792.16,568.82,0.04
ORD00089,2026-04-02,Customer_00089,Warangal,Wellness,5,4049.88,647.98,0.05
ORD00090,2026-04-06,Customer_00090,Warangal,Personal Care,1,3681.71,294.54,0.06
ORD00091,2026-04-10,Customer_00091,Warangal,Devices,2,3939.43,354.55,0.07
ORD00092,2026-04-14,Customer_00092,Warangal,Medicines,3,4197.15,419.71,0.08
ORD00093,2026-04-18,Customer_00093,Warangal,Wellness,4,3828.98,421.19,0.09
ORD00094,2026-04-22,Customer_00094,Warangal,Personal Care,5,4086.7,490.4,0.1
ORD00095,2026-04-26,Customer_00095,Warangal,Devices,1,3718.53,483.41,0.11
ORD00096,2026-04-02,Customer_00096,Warangal,Medicines,2,3976.25,556.68,0.12
ORD00097,2026-04-06,Customer_00097,Warangal,Wellness,3,4233.97,635.1,0.13
ORD00098,2026-04-10,Customer_00098,Warangal,Personal Care,4,3865.8,618.53,0.14
ORD00099,2026-04-14,Customer_00099,Warangal,Devices,5,4123.52,329.88,0.15
ORD00100,2026-04-18,Customer_00100,Warangal,Medicines,1,3755.34,337.98,0.16
ORD00101,2026-04-22,Customer_00101,Warangal,Wellness,2,4013.06,401.31,0.17
ORD00102,2026-04-26,Customer_00102,Warangal,Personal Care,3,4270.78,469.79,0.18
ORD00103,2026-04-02,Customer_00103,Warangal,Devices,4,3902.61,468.31,0.19
ORD00104,2026-04-06,Customer_00104,Warangal,Medicines,5,4160.33,540.84,0.2
ORD00105,2026-04-10,Customer_00105,Warangal,Wellness,1,3792.16,530.9,0.0
ORD00106,2026-04-14,Customer_00106,Warangal,Personal Care,2,4049.88,607.48,0.01
ORD00107,2026-04-18,Customer_00107,Warangal,Devices,3,3681.71,589.07,0.02
ORD00108,2026-04-22,Customer_00108,Warangal,Medicines,4,3939.43,315.15,0.03
ORD00109,2026-04-26,Customer_00109,Warangal,Wellness,5,4197.15,377.74,0.04
ORD00110,2026-04-02,Customer_00110,Warangal,Personal Care,1,3828.98,382.9,0.05
ORD00111,2026-04-06,Customer_00111,Warangal,Devices,2,4086.7,449.54,0.06
ORD00112,2026-04-10,Customer_00112,Warangal,Medicines,3,3718.53,446.22,0.07
ORD00113,2026-04-14,Customer_00113,Warangal,Wellness,4,3976.25,516.91,0.08
ORD00114,2026-04-18,Customer_00114,Warangal,Personal Care,5,4233.97,592.76,0.09
ORD00115,2026-04-22,Customer_00115,Warangal,Devices,1,3865.8,579.87,0.1
ORD00116,2026-04-26,Customer_00116,Warangal,Medicines,2,4123.52,659.76,0.11
ORD00117,2026-04-02,Customer_00117,Warangal,Wellness,3,3755.34,300.43,0.12
ORD00118,2026-04-06,Customer_00118,Warangal,Personal Care,4,4013.06,361.18,0.13
ORD00119,2026-04-10,Customer_00119,Warangal,Devices,5,4270.78,427.08,0.14
ORD00120,2026-04-14,Customer_00120,Warangal,Medicines,1,3902.61,429.29,0.15
ORD00121,2026-04-18,Customer_00121,Warangal,Wellness,2,4160.33,499.24,0.16
ORD00122,2026-04-22,Customer_00122,Warangal,Personal Care,3,3792.16,492.98,0.17
ORD00123,2026-04-26,Customer_00123,Warangal,Devices,4,4049.88,566.98,0.18
ORD00124,2026-04-02,Customer_00124,Warangal,Medicines,5,3681.71,552.26,0.19
ORD00125,2026-04-06,Customer_00125,Warangal,Wellness,1,3939.43,630.31,0.2
ORD00126,2026-04-10,Customer_00126,Warangal,Personal Care,2,4197.15,335.77,0.0
ORD00127,2026-04-14,Customer_00127,Warangal,Devices,3,3828.98,344.61,0.01
ORD00128,2026-04-18,Customer_00128,Warangal,Medicines,4,4086.7,408.67,0.02
ORD00129,2026-04-22,Customer_00129,Warangal,Wellness,5,3718.53,409.04,0.03
ORD00130,2026-04-26,Customer_00130,Warangal,Personal Care,1,3976.25,477.15,0.04
ORD00131,2026-04-02,Customer_00131,Warangal,Devices,2,4233.97,550.42,0.05
ORD00132,2026-04-06,Customer_00132,Warangal,Medicines,3,3865.8,541.21,0.06
ORD00133,2026-04-10,Customer_00133,Warangal,Wellness,4,4123.52,618.53,0.07
ORD00134,2026-04-14,Customer_00134,Warangal,Personal Care,5,3755.34,600.85,0.08
ORD00135,2026-04-18,Customer_00135,Warangal,Devices,1,4013.06,321.04,0.09
ORD00136,2026-04-22,Customer_00136,Warangal,Medicines,2,4270.78,384.37,0.1
ORD00137,2026-04-26,Customer_00137,Warangal,Wellness,3,3902.61,390.26,0.11
ORD00138,2026-04-02,Customer_00138,Warangal,Personal Care,4,4160.33,457.64,0.12
ORD00139,2026-04-06,Customer_00139,Warangal,Devices,5,3792.16,455.06,0.13
ORD00140,2026-04-10,Customer_00140,Warangal,Medicines,1,4049.88,526.48,0.14
ORD00141,2026-04-14,Customer_00141,Warangal,Wellness,2,3681.71,515.44,0.15
ORD00142,2026-04-18,Customer_00142,Warangal,Personal Care,3,3939.43,590.91,0.16
ORD00143,2026-04-22,Customer_00143,Warangal,Devices,4,4197.15,671.54,0.17
ORD00144,2026-04-26,Customer_00144,Warangal,Medicines,5,3828.98,306.32,0.18
ORD00145,2026-04-02,Customer_00145,Warangal,Wellness,1,4086.7,367.8,0.19
ORD00146,2026-04-06,Customer_00146,Warangal,Personal Care,2,3718.53,371.85,0.2
ORD00147,2026-04-10,Customer_00147,Warangal,Devices,3,3976.25,437.39,0.0
ORD00148,2026-04-14,Customer_00148,Warangal,Medicines,4,4233.97,508.08,0.01
ORD00149,2026-04-18,Customer_00149,Warangal,Wellness,5,3865.8,502.55,0.02
ORD00150,2026-04-22,Customer_00150,Warangal,Personal Care,1,4123.52,577.29,0.03
ORD00151,2026-04-26,Customer_00151,Warangal,Devices,2,3755.34,563.3,0.04
ORD00152,2026-04-02,Customer_00152,Warangal,Medicines,3,4013.06,642.09,0.05
ORD00153,2026-04-06,Customer_00153,Warangal,Wellness,4,4270.78,341.66,0.06
ORD00154,2026-04-10,Customer_00154,Warangal,Personal Care,5,3902.61,351.23,0.07
ORD00155,2026-04-14,Customer_00155,Warangal,Devices,1,4160.33,416.03,0.08
ORD00156,2026-04-18,Customer_00156,Warangal,Medicines,2,3792.16,417.14,0.09
ORD00157,2026-04-22,Customer_00157,Warangal,Wellness,3,4049.88,485.99,0.1
ORD00158,2026-04-26,Customer_00158,Warangal,Personal Care,4,3681.72,478.62,0.11
ORD00159,2026-04-20,Customer_00159,Karimnagar,Devices,5,3294.39,461.21,0.12
ORD00160,2026-04-24,Customer_00160,Karimnagar,Medicines,1,3522.71,528.41,0.13
ORD00161,2026-04-28,Customer_00161,Karimnagar,Wellness,2,3751.04,600.17,0.14
ORD00162,2026-04-04,Customer_00162,Karimnagar,Personal Care,3,3424.86,273.99,0.15
ORD00163,2026-04-08,Customer_00163,Karimnagar,Devices,4,3653.18,328.79,0.16
ORD00164,2026-04-12,Customer_00164,Karimnagar,Medicines,5,3327.01,332.7,0.17
ORD00165,2026-04-16,Customer_00165,Karimnagar,Wellness,1,3555.33,391.09,0.18
ORD00166,2026-04-20,Customer_00166,Karimnagar,Personal Care,2,3783.66,454.04,0.19
ORD00167,2026-04-24,Customer_00167,Karimnagar,Devices,3,3457.48,449.47,0.2
ORD00168,2026-04-28,Customer_00168,Karimnagar,Medicines,4,3685.8,516.01,0.0
ORD00169,2026-04-04,Customer_00169,Karimnagar,Wellness,5,3359.63,503.94,0.01
ORD00170,2026-04-08,Customer_00170,Karimnagar,Personal Care,1,3587.95,574.07,0.02
ORD00171,2026-04-12,Customer_00171,Karimnagar,Devices,2,3261.77,260.94,0.03
ORD00172,2026-04-16,Customer_00172,Karimnagar,Medicines,3,3490.1,314.11,0.04
ORD00173,2026-04-20,Customer_00173,Karimnagar,Wellness,4,3718.42,371.84,0.05
ORD00174,2026-04-24,Customer_00174,Karimnagar,Personal Care,5,3392.24,373.15,0.06
ORD00175,2026-04-28,Customer_00175,Karimnagar,Devices,1,3620.57,434.47,0.07
ORD00176,2026-04-04,Customer_00176,Karimnagar,Medicines,2,3294.39,428.27,0.08
ORD00177,2026-04-08,Customer_00177,Karimnagar,Wellness,3,3522.71,493.18,0.09
ORD00178,2026-04-12,Customer_00178,Karimnagar,Personal Care,4,3751.04,562.66,0.1
ORD00179,2026-04-16,Customer_00179,Karimnagar,Devices,5,3424.86,547.98,0.11
ORD00180,2026-04-20,Customer_00180,Karimnagar,Medicines,1,3653.18,292.25,0.12
ORD00181,2026-04-24,Customer_00181,Karimnagar,Wellness,2,3327.01,299.43,0.13
ORD00182,2026-04-28,Customer_00182,Karimnagar,Personal Care,3,3555.33,355.53,0.14
ORD00183,2026-04-04,Customer_00183,Karimnagar,Devices,4,3783.66,416.2,0.15
ORD00184,2026-04-08,Customer_00184,Karimnagar,Medicines,5,3457.48,414.9,0.16
ORD00185,2026-04-12,Customer_00185,Karimnagar,Wellness,1,3685.8,479.15,0.17
ORD00186,2026-04-16,Customer_00186,Karimnagar,Personal Care,2,3359.63,470.35,0.18
ORD00187,2026-04-20,Customer_00187,Karimnagar,Devices,3,3587.95,538.19,0.19
ORD00188,2026-04-24,Customer_00188,Karimnagar,Medicines,4,3261.77,521.88,0.2
ORD00189,2026-04-28,Customer_00189,Karimnagar,Wellness,5,3490.1,279.21,0.0
ORD00190,2026-04-04,Customer_00190,Karimnagar,Personal Care,1,3718.42,334.66,0.01
ORD00191,2026-04-08,Customer_00191,Karimnagar,Devices,2,3392.24,339.22,0.02
ORD00192,2026-04-12,Customer_00192,Karimnagar,Medicines,3,3620.57,398.26,0.03
ORD00193,2026-04-16,Customer_00193,Karimnagar,Wellness,4,3294.39,395.33,0.04
ORD00194,2026-04-20,Customer_00194,Karimnagar,Personal Care,5,3522.71,457.95,0.05
ORD00195,2026-04-24,Customer_00195,Karimnagar,Devices,1,3751.04,525.15,0.06
ORD00196,2026-04-28,Customer_00196,Karimnagar,Medicines,2,3424.86,513.73,0.07
ORD00197,2026-04-04,Customer_00197,Karimnagar,Wellness,3,3653.18,584.51,0.08
ORD00198,2026-04-08,Customer_00198,Karimnagar,Personal Care,4,3327.01,266.16,0.09
ORD00199,2026-04-12,Customer_00199,Karimnagar,Devices,5,3555.33,319.98,0.1
ORD00200,2026-04-16,Customer_00200,Karimnagar,Medicines,1,3783.66,378.37,0.11
ORD00201,2026-04-20,Customer_00201,Karimnagar,Wellness,2,3457.48,380.32,0.12
ORD00202,2026-04-24,Customer_00202,Karimnagar,Personal Care,3,3685.8,442.3,0.13
ORD00203,2026-04-28,Customer_00203,Karimnagar,Devices,4,3359.63,436.75,0.14
ORD00204,2026-04-04,Customer_00204,Karimnagar,Medicines,5,3587.95,502.31,0.15
ORD00205,2026-04-08,Customer_00205,Karimnagar,Wellness,1,3261.77,489.27,0.16
ORD00206,2026-04-12,Customer_00206,Karimnagar,Personal Care,2,3490.1,558.42,0.17
ORD00207,2026-04-16,Customer_00207,Karimnagar,Devices,3,3718.42,297.47,0.18
ORD00208,2026-04-20,Customer_00208,Karimnagar,Medicines,4,3392.24,305.3,0.19
ORD00209,2026-04-24,Customer_00209,Karimnagar,Wellness,5,3620.57,362.06,0.2
ORD00210,2026-04-28,Customer_00210,Karimnagar,Personal Care,1,3294.39,362.38,0.0
ORD00211,2026-04-04,Customer_00211,Karimnagar,Devices,2,3522.71,422.73,0.01
ORD00212,2026-04-08,Customer_00212,Karimnagar,Medicines,3,3751.04,487.64,0.02
ORD00213,2026-04-12,Customer_00213,Karimnagar,Wellness,4,3424.86,479.48,0.03
ORD00214,2026-04-16,Customer_00214,Karimnagar,Personal Care,5,3653.18,547.98,0.04
ORD00215,2026-04-20,Customer_00215,Karimnagar,Devices,1,3327.01,532.32,0.05
ORD00216,2026-04-24,Customer_00216,Karimnagar,Medicines,2,3555.33,284.43,0.06
ORD00217,2026-04-28,Customer_00217,Karimnagar,Wellness,3,3783.66,340.53,0.07
ORD00218,2026-04-04,Customer_00218,Karimnagar,Personal Care,4,3457.48,345.75,0.08
ORD00219,2026-04-08,Customer_00219,Karimnagar,Devices,5,3685.8,405.44,0.09
ORD00220,2026-04-12,Customer_00220,Karimnagar,Medicines,1,3359.63,403.16,0.1
ORD00221,2026-04-16,Customer_00221,Karimnagar,Wellness,2,3587.95,466.43,0.11
ORD00222,2026-04-20,Customer_00222,Karimnagar,Personal Care,3,3261.77,456.65,0.12
ORD00223,2026-04-24,Customer_00223,Karimnagar,Devices,4,3490.1,523.52,0.13
ORD00224,2026-04-28,Customer_00224,Karimnagar,Medicines,5,3718.42,594.95,0.14
ORD00225,2026-04-04,Customer_00225,Karimnagar,Wellness,1,3392.24,271.38,0.15
ORD00226,2026-04-08,Customer_00226,Karimnagar,Personal Care,2,3620.57,325.85,0.16
ORD00227,2026-04-12,Customer_00227,Karimnagar,Devices,3,3294.39,329.44,0.17
ORD00228,2026-04-16,Customer_00228,Karimnagar,Medicines,4,3522.71,387.5,0.18
ORD00229,2026-04-20,Customer_00229,Karimnagar,Wellness,5,3751.04,450.12,0.19
ORD00230,2026-04-24,Customer_00230,Karimnagar,Personal Care,1,3424.86,445.23,0.2
ORD00231,2026-04-28,Customer_00231,Karimnagar,Devices,2,3653.18,511.45,0.0
ORD00232,2026-04-04,Customer_00232,Karimnagar,Medicines,3,3327.01,499.05,0.01
ORD00233,2026-04-08,Customer_00233,Karimnagar,Wellness,4,3555.33,568.85,0.02
ORD00234,2026-04-12,Customer_00234,Karimnagar,Personal Care,5,3783.66,302.69,0.03
ORD00235,2026-04-16,Customer_00235,Karimnagar,Devices,1,3457.48,311.17,0.04
ORD00236,2026-04-20,Customer_00236,Karimnagar,Medicines,2,3685.78,368.58,0.05
ORD00237,2026-04-14,Customer_00237,Nizamabad,Wellness,3,3518.1,386.99,0.06
ORD00238,2026-04-18,Customer_00238,Nizamabad,Personal Care,4,3209.5,385.14,0.07
ORD00239,2026-04-22,Customer_00239,Nizamabad,Devices,5,3425.52,445.32,0.08
ORD00240,2026-04-26,Customer_00240,Nizamabad,Medicines,1,3116.91,436.37,0.09
ORD00241,2026-04-02,Customer_00241,Nizamabad,Wellness,2,3332.94,499.94,0.1
ORD00242,2026-04-06,Customer_00242,Nizamabad,Personal Care,3,3548.96,567.83,0.11
ORD00243,2026-04-10,Customer_00243,Nizamabad,Devices,4,3240.36,259.23,0.12
ORD00244,2026-04-14,Customer_00244,Nizamabad,Medicines,5,3456.38,311.07,0.13
ORD00245,2026-04-18,Customer_00245,Nizamabad,Wellness,1,3147.77,314.78,0.14
ORD00246,2026-04-22,Customer_00246,Nizamabad,Personal Care,2,3363.8,370.02,0.15
ORD00247,2026-04-26,Customer_00247,Nizamabad,Devices,3,3579.82,429.58,0.16
ORD00248,2026-04-02,Customer_00248,Nizamabad,Medicines,4,3271.22,425.26,0.17
ORD00249,2026-04-06,Customer_00249,Nizamabad,Wellness,5,3487.24,488.21,0.18
ORD00250,2026-04-10,Customer_00250,Nizamabad,Personal Care,1,3178.64,476.8,0.19
ORD00251,2026-04-14,Customer_00251,Nizamabad,Devices,2,3394.66,543.15,0.2
ORD00252,2026-04-18,Customer_00252,Nizamabad,Medicines,3,3086.05,246.88,0.0
ORD00253,2026-04-22,Customer_00253,Nizamabad,Wellness,4,3302.08,297.19,0.01
ORD00254,2026-04-26,Customer_00254,Nizamabad,Personal Care,5,3518.1,351.81,0.02
ORD00255,2026-04-02,Customer_00255,Nizamabad,Devices,1,3209.5,353.05,0.03
ORD00256,2026-04-06,Customer_00256,Nizamabad,Medicines,2,3425.52,411.06,0.04
ORD00257,2026-04-10,Customer_00257,Nizamabad,Wellness,3,3116.91,405.2,0.05
ORD00258,2026-04-14,Customer_00258,Nizamabad,Personal Care,4,3332.94,466.61,0.06
ORD00259,2026-04-18,Customer_00259,Nizamabad,Devices,5,3548.96,532.34,0.07
ORD00260,2026-04-22,Customer_00260,Nizamabad,Medicines,1,3240.36,518.46,0.08
ORD00261,2026-04-26,Customer_00261,Nizamabad,Wellness,2,3456.38,276.51,0.09
ORD00262,2026-04-02,Customer_00262,Nizamabad,Personal Care,3,3147.77,283.3,0.1
ORD00263,2026-04-06,Customer_00263,Nizamabad,Devices,4,3363.8,336.38,0.11
ORD00264,2026-04-10,Customer_00264,Nizamabad,Medicines,5,3579.82,393.78,0.12
ORD00265,2026-04-14,Customer_00265,Nizamabad,Wellness,1,3271.22,392.55,0.13
ORD00266,2026-04-18,Customer_00266,Nizamabad,Personal Care,2,3487.24,453.34,0.14
ORD00267,2026-04-22,Customer_00267,Nizamabad,Devices,3,3178.64,445.01,0.15
ORD00268,2026-04-26,Customer_00268,Nizamabad,Medicines,4,3394.66,509.2,0.16
ORD00269,2026-04-02,Customer_00269,Nizamabad,Wellness,5,3086.05,493.77,0.17
ORD00270,2026-04-06,Customer_00270,Nizamabad,Personal Care,1,3302.08,264.17,0.18
ORD00271,2026-04-10,Customer_00271,Nizamabad,Devices,2,3518.1,316.63,0.19
ORD00272,2026-04-14,Customer_00272,Nizamabad,Medicines,3,3209.5,320.95,0.2
ORD00273,2026-04-18,Customer_00273,Nizamabad,Wellness,4,3425.52,376.81,0.0
ORD00274,2026-04-22,Customer_00274,Nizamabad,Personal Care,5,3116.91,374.03,0.01
ORD00275,2026-04-26,Customer_00275,Nizamabad,Devices,1,3332.94,433.28,0.02
ORD00276,2026-04-02,Customer_00276,Nizamabad,Medicines,2,3548.96,496.85,0.03
ORD00277,2026-04-06,Customer_00277,Nizamabad,Wellness,3,3240.36,486.05,0.04
ORD00278,2026-04-10,Customer_00278,Nizamabad,Personal Care,4,3456.38,553.02,0.05
ORD00279,2026-04-14,Customer_00279,Nizamabad,Devices,5,3147.77,251.82,0.06
ORD00280,2026-04-18,Customer_00280,Nizamabad,Medicines,1,3363.8,302.74,0.07
ORD00281,2026-04-22,Customer_00281,Nizamabad,Wellness,2,3579.82,357.98,0.08
ORD00282,2026-04-26,Customer_00282,Nizamabad,Personal Care,3,3271.22,359.83,0.09
ORD00283,2026-04-02,Customer_00283,Nizamabad,Devices,4,3487.24,418.47,0.1
ORD00284,2026-04-06,Customer_00284,Nizamabad,Medicines,5,3178.64,413.22,0.11
ORD00285,2026-04-10,Customer_00285,Nizamabad,Wellness,1,3394.66,475.25,0.12
ORD00286,2026-04-14,Customer_00286,Nizamabad,Personal Care,2,3086.05,462.91,0.13
ORD00287,2026-04-18,Customer_00287,Nizamabad,Devices,3,3302.08,528.33,0.14
ORD00288,2026-04-22,Customer_00288,Nizamabad,Medicines,4,3518.1,281.45,0.15
ORD00289,2026-04-26,Customer_00289,Nizamabad,Wellness,5,3209.5,288.85,0.16
ORD00290,2026-04-02,Customer_00290,Nizamabad,Personal Care,1,3425.52,342.55,0.17
ORD00291,2026-04-06,Customer_00291,Nizamabad,Devices,2,3116.91,342.86,0.18
ORD00292,2026-04-10,Customer_00292,Nizamabad,Medicines,3,3332.94,399.95,0.19
ORD00293,2026-04-14,Customer_00293,Nizamabad,Wellness,4,3548.96,461.36,0.2
ORD00294,2026-04-18,Customer_00294,Nizamabad,Personal Care,5,3240.36,453.65,0.0
ORD00295,2026-04-22,Customer_00295,Nizamabad,Devices,1,3456.38,518.46,0.01
ORD00296,2026-04-26,Customer_00296,Nizamabad,Medicines,2,3147.77,503.64,0.02
ORD00297,2026-04-02,Customer_00297,Nizamabad,Wellness,3,3363.8,269.1,0.03
ORD00298,2026-04-06,Customer_00298,Nizamabad,Personal Care,4,3579.82,322.18,0.04
ORD00299,2026-04-10,Customer_00299,Nizamabad,Devices,5,3271.22,327.12,0.05
ORD00300,2026-04-14,Customer_00300,Nizamabad,Medicines,1,3487.24,383.6,0.06
ORD00301,2026-04-18,Customer_00301,Nizamabad,Wellness,2,3178.64,381.44,0.07
ORD00302,2026-04-22,Customer_00302,Nizamabad,Personal Care,3,3394.66,441.31,0.08
ORD00303,2026-04-26,Customer_00303,Nizamabad,Devices,4,3086.05,432.05,0.09
ORD00304,2026-04-02,Customer_00304,Nizamabad,Medicines,5,3302.08,495.31,0.1
ORD00305,2026-04-06,Customer_00305,Nizamabad,Wellness,1,3518.1,562.9,0.11
ORD00306,2026-04-10,Customer_00306,Nizamabad,Personal Care,2,3209.5,256.76,0.12
ORD00307,2026-04-14,Customer_00307,Nizamabad,Devices,3,3425.52,308.3,0.13
ORD00308,2026-04-18,Customer_00308,Nizamabad,Medicines,4,3116.91,311.69,0.14
ORD00309,2026-04-22,Customer_00309,Nizamabad,Wellness,5,3332.94,366.62,0.15
ORD00310,2026-04-26,Customer_00310,Nizamabad,Personal Care,1,3548.96,425.88,0.16
ORD00311,2026-04-02,Customer_00311,Nizamabad,Devices,2,3240.36,421.25,0.17
ORD00312,2026-04-06,Customer_00312,Nizamabad,Medicines,3,3456.38,483.89,0.18
ORD00313,2026-04-10,Customer_00313,Nizamabad,Wellness,4,3147.77,472.17,0.19
ORD00314,2026-04-14,Customer_00314,Nizamabad,Personal Care,5,3363.76,538.2,0.2
ORD00315,2026-04-08,Customer_00315,Khammam,Devices,1,3135.76,250.86,0.0
ORD00316,2026-04-12,Customer_00316,Khammam,Medicines,2,2850.69,256.56,0.01
ORD00317,2026-04-16,Customer_00317,Khammam,Wellness,3,3050.24,305.02,0.02
ORD00318,2026-04-20,Customer_00318,Khammam,Personal Care,4,3249.79,357.48,0.03
ORD00319,2026-04-24,Customer_00319,Khammam,Devices,5,2964.72,355.77,0.04
ORD00320,2026-04-28,Customer_00320,Khammam,Medicines,1,3164.27,411.36,0.05
ORD00321,2026-04-04,Customer_00321,Khammam,Wellness,2,2879.2,403.09,0.06
ORD00322,2026-04-08,Customer_00322,Khammam,Personal Care,3,3078.75,461.81,0.07
ORD00323,2026-04-12,Customer_00323,Khammam,Devices,4,3278.3,524.53,0.08
ORD00324,2026-04-16,Customer_00324,Khammam,Medicines,5,2993.23,239.46,0.09
ORD00325,2026-04-20,Customer_00325,Khammam,Wellness,1,3192.78,287.35,0.1
ORD00326,2026-04-24,Customer_00326,Khammam,Personal Care,2,2907.71,290.77,0.11
ORD00327,2026-04-28,Customer_00327,Khammam,Devices,3,3107.26,341.8,0.12
ORD00328,2026-04-04,Customer_00328,Khammam,Medicines,4,3306.81,396.82,0.13
ORD00329,2026-04-08,Customer_00329,Khammam,Wellness,5,3021.74,392.83,0.14
ORD00330,2026-04-12,Customer_00330,Khammam,Personal Care,1,3221.29,450.98,0.15
ORD00331,2026-04-16,Customer_00331,Khammam,Devices,2,2936.22,440.43,0.16
ORD00332,2026-04-20,Customer_00332,Khammam,Medicines,3,3135.76,501.72,0.17
ORD00333,2026-04-24,Customer_00333,Khammam,Wellness,4,2850.69,228.06,0.18
ORD00334,2026-04-28,Customer_00334,Khammam,Personal Care,5,3050.24,274.52,0.19
ORD00335,2026-04-04,Customer_00335,Khammam,Devices,1,3249.79,324.98,0.2
ORD00336,2026-04-08,Customer_00336,Khammam,Medicines,2,2964.72,326.12,0.0
ORD00337,2026-04-12,Customer_00337,Khammam,Wellness,3,3164.27,379.71,0.01
ORD00338,2026-04-16,Customer_00338,Khammam,Personal Care,4,2879.2,374.3,0.02
ORD00339,2026-04-20,Customer_00339,Khammam,Devices,5,3078.75,431.03,0.03
ORD00340,2026-04-24,Customer_00340,Khammam,Medicines,1,3278.3,491.75,0.04
ORD00341,2026-04-28,Customer_00341,Khammam,Wellness,2,2993.23,478.92,0.05
ORD00342,2026-04-04,Customer_00342,Khammam,Personal Care,3,3192.78,255.42,0.06
ORD00343,2026-04-08,Customer_00343,Khammam,Devices,4,2907.71,261.69,0.07
ORD00344,2026-04-12,Customer_00344,Khammam,Medicines,5,3107.26,310.73,0.08
ORD00345,2026-04-16,Customer_00345,Khammam,Wellness,1,3306.81,363.75,0.09
ORD00346,2026-04-20,Customer_00346,Khammam,Personal Care,2,3021.74,362.61,0.1
ORD00347,2026-04-24,Customer_00347,Khammam,Devices,3,3221.29,418.77,0.11
ORD00348,2026-04-28,Customer_00348,Khammam,Medicines,4,2936.22,411.07,0.12
ORD00349,2026-04-04,Customer_00349,Khammam,Wellness,5,3135.76,470.36,0.13
ORD00350,2026-04-08,Customer_00350,Khammam,Personal Care,1,2850.69,456.11,0.14
ORD00351,2026-04-12,Customer_00351,Khammam,Devices,2,3050.24,244.02,0.15
ORD00352,2026-04-16,Customer_00352,Khammam,Medicines,3,3249.79,292.48,0.16
ORD00353,2026-04-20,Customer_00353,Khammam,Wellness,4,2964.72,296.47,0.17
ORD00354,2026-04-24,Customer_00354,Khammam,Personal Care,5,3164.27,348.07,0.18
ORD00355,2026-04-28,Customer_00355,Khammam,Devices,1,2879.2,345.5,0.19
ORD00356,2026-04-04,Customer_00356,Khammam,Medicines,2,3078.75,400.24,0.2
ORD00357,2026-04-08,Customer_00357,Khammam,Wellness,3,3278.3,458.96,0.0
ORD00358,2026-04-12,Customer_00358,Khammam,Personal Care,4,2993.23,448.98,0.01
ORD00359,2026-04-16,Customer_00359,Khammam,Devices,5,3192.78,510.84,0.02
ORD00360,2026-04-20,Customer_00360,Khammam,Medicines,1,2907.71,232.62,0.03
ORD00361,2026-04-24,Customer_00361,Khammam,Wellness,2,3107.26,279.65,0.04
ORD00362,2026-04-28,Customer_00362,Khammam,Personal Care,3,3306.81,330.68,0.05
ORD00363,2026-04-04,Customer_00363,Khammam,Devices,4,3021.74,332.39,0.06
ORD00364,2026-04-08,Customer_00364,Khammam,Medicines,5,3221.29,386.55,0.07
ORD00365,2026-04-12,Customer_00365,Khammam,Wellness,1,2936.22,381.71,0.08
ORD00366,2026-04-16,Customer_00366,Khammam,Personal Care,2,3135.76,439.01,0.09
ORD00367,2026-04-20,Customer_00367,Khammam,Devices,3,2850.69,427.6,0.1
ORD00368,2026-04-24,Customer_00368,Khammam,Medicines,4,3050.24,488.04,0.11
ORD00369,2026-04-28,Customer_00369,Khammam,Wellness,5,3249.79,259.98,0.12
ORD00370,2026-04-04,Customer_00370,Khammam,Personal Care,1,2964.72,266.82,0.13
ORD00371,2026-04-08,Customer_00371,Khammam,Devices,2,3164.27,316.43,0.14
ORD00372,2026-04-12,Customer_00372,Khammam,Medicines,3,2879.2,316.71,0.15
ORD00373,2026-04-16,Customer_00373,Khammam,Wellness,4,3078.75,369.45,0.16
ORD00374,2026-04-20,Customer_00374,Khammam,Personal Care,5,3278.3,426.18,0.17
ORD00375,2026-04-24,Customer_00375,Khammam,Devices,1,2993.23,419.05,0.18
ORD00376,2026-04-28,Customer_00376,Khammam,Medicines,2,3192.78,478.92,0.19
ORD00377,2026-04-04,Customer_00377,Khammam,Wellness,3,2907.71,465.23,0.2
ORD00378,2026-04-08,Customer_00378,Khammam,Personal Care,4,3107.26,248.58,0.0
ORD00379,2026-04-12,Customer_00379,Khammam,Devices,5,3306.81,297.61,0.01
ORD00380,2026-04-16,Customer_00380,Khammam,Medicines,1,3021.74,302.17,0.02
ORD00381,2026-04-20,Customer_00381,Khammam,Wellness,2,3221.29,354.34,0.03
ORD00382,2026-04-24,Customer_00382,Khammam,Personal Care,3,2936.22,352.35,0.04
ORD00383,2026-04-28,Customer_00383,Khammam,Devices,4,3135.76,407.65,0.05
ORD00384,2026-04-04,Customer_00384,Khammam,Medicines,5,2850.69,399.1,0.06
ORD00385,2026-04-08,Customer_00385,Khammam,Wellness,1,3050.24,457.54,0.07
ORD00386,2026-04-12,Customer_00386,Khammam,Personal Care,2,3249.79,519.97,0.08
ORD00387,2026-04-16,Customer_00387,Khammam,Devices,3,2964.72,237.18,0.09
ORD00388,2026-04-20,Customer_00388,Khammam,Medicines,4,3164.27,284.78,0.1
ORD00389,2026-04-24,Customer_00389,Khammam,Wellness,5,2879.2,287.92,0.11
ORD00390,2026-04-28,Customer_00390,Khammam,Personal Care,1,3078.75,338.66,0.12
ORD00391,2026-04-04,Customer_00391,Khammam,Devices,2,3278.3,393.4,0.13
ORD00392,2026-04-08,Customer_00392,Khammam,Medicines,3,2993.24,389.12,0.14
ORD00393,2026-04-02,Customer_00393,Vijayawada,Wellness,4,8693.69,1217.12,0.15
ORD00394,2026-04-06,Customer_00394,Vijayawada,Personal Care,5,9267.8,1390.17,0.16
ORD00395,2026-04-10,Customer_00395,Vijayawada,Devices,1,8447.64,1351.62,0.17
ORD00396,2026-04-14,Customer_00396,Vijayawada,Medicines,2,9021.75,721.74,0.18
ORD00397,2026-04-18,Customer_00397,Vijayawada,Wellness,3,8201.59,738.14,0.19
ORD00398,2026-04-22,Customer_00398,Vijayawada,Personal Care,4,8775.7,877.57,0.2
ORD00399,2026-04-26,Customer_00399,Vijayawada,Devices,5,9349.82,1028.48,0.0
ORD00400,2026-04-02,Customer_00400,Vijayawada,Medicines,1,8529.66,1023.56,0.01
ORD00401,2026-04-06,Customer_00401,Vijayawada,Wellness,2,9103.77,1183.49,0.02
ORD00402,2026-04-10,Customer_00402,Vijayawada,Personal Care,3,8283.61,1159.71,0.03
ORD00403,2026-04-14,Customer_00403,Vijayawada,Devices,4,8857.72,1328.66,0.04
ORD00404,2026-04-18,Customer_00404,Vijayawada,Medicines,5,9431.83,1509.09,0.05
ORD00405,2026-04-22,Customer_00405,Vijayawada,Wellness,1,8611.67,688.93,0.06
ORD00406,2026-04-26,Customer_00406,Vijayawada,Personal Care,2,9185.78,826.72,0.07
ORD00407,2026-04-02,Customer_00407,Vijayawada,Devices,3,8365.62,836.56,0.08
ORD00408,2026-04-06,Customer_00408,Vijayawada,Medicines,4,8939.74,983.37,0.09
ORD00409,2026-04-10,Customer_00409,Vijayawada,Wellness,5,9513.85,1141.66,0.1
ORD00410,2026-04-14,Customer_00410,Vijayawada,Personal Care,1,8693.69,1130.18,0.11
ORD00411,2026-04-18,Customer_00411,Vijayawada,Devices,2,9267.8,1297.49,0.12
ORD00412,2026-04-22,Customer_00412,Vijayawada,Medicines,3,8447.64,1267.15,0.13
ORD00413,2026-04-26,Customer_00413,Vijayawada,Wellness,4,9021.75,1443.48,0.14
ORD00414,2026-04-02,Customer_00414,Vijayawada,Personal Care,5,8201.59,656.13,0.15
ORD00415,2026-04-06,Customer_00415,Vijayawada,Devices,1,8775.7,789.81,0.16
ORD00416,2026-04-10,Customer_00416,Vijayawada,Medicines,2,9349.82,934.98,0.17
ORD00417,2026-04-14,Customer_00417,Vijayawada,Wellness,3,8529.66,938.26,0.18
ORD00418,2026-04-18,Customer_00418,Vijayawada,Personal Care,4,9103.77,1092.45,0.19
ORD00419,2026-04-22,Customer_00419,Vijayawada,Devices,5,8283.61,1076.87,0.2
ORD00420,2026-04-26,Customer_00420,Vijayawada,Medicines,1,8857.72,1240.08,0.0
ORD00421,2026-04-02,Customer_00421,Vijayawada,Wellness,2,9431.83,1414.77,0.01
ORD00422,2026-04-06,Customer_00422,Vijayawada,Personal Care,3,8611.67,1377.87,0.02
ORD00423,2026-04-10,Customer_00423,Vijayawada,Devices,4,9185.78,734.86,0.03
ORD00424,2026-04-14,Customer_00424,Vijayawada,Medicines,5,8365.62,752.91,0.04
ORD00425,2026-04-18,Customer_00425,Vijayawada,Wellness,1,8939.74,893.97,0.05
ORD00426,2026-04-22,Customer_00426,Vijayawada,Personal Care,2,9513.85,1046.52,0.06
ORD00427,2026-04-26,Customer_00427,Vijayawada,Devices,3,8693.69,1043.24,0.07
ORD00428,2026-04-02,Customer_00428,Vijayawada,Medicines,4,9267.8,1204.81,0.08
ORD00429,2026-04-06,Customer_00429,Vijayawada,Wellness,5,8447.64,1182.67,0.09
ORD00430,2026-04-10,Customer_00430,Vijayawada,Personal Care,1,9021.75,1353.26,0.1
ORD00431,2026-04-14,Customer_00431,Vijayawada,Devices,2,8201.59,1312.25,0.11
ORD00432,2026-04-18,Customer_00432,Vijayawada,Medicines,3,8775.7,702.06,0.12
ORD00433,2026-04-22,Customer_00433,Vijayawada,Wellness,4,9349.82,841.48,0.13
ORD00434,2026-04-26,Customer_00434,Vijayawada,Personal Care,5,8529.66,852.97,0.14
ORD00435,2026-04-02,Customer_00435,Vijayawada,Devices,1,9103.77,1001.41,0.15
ORD00436,2026-04-06,Customer_00436,Vijayawada,Medicines,2,8283.61,994.03,0.16
ORD00437,2026-04-10,Customer_00437,Vijayawada,Wellness,3,8857.72,1151.5,0.17
ORD00438,2026-04-14,Customer_00438,Vijayawada,Personal Care,4,9431.83,1320.46,0.18
ORD00439,2026-04-18,Customer_00439,Vijayawada,Devices,5,8611.67,1291.75,0.19
ORD00440,2026-04-22,Customer_00440,Vijayawada,Medicines,1,9185.78,1469.72,0.2
ORD00441,2026-04-26,Customer_00441,Vijayawada,Wellness,2,8365.62,669.25,0.0
ORD00442,2026-04-02,Customer_00442,Vijayawada,Personal Care,3,8939.74,804.58,0.01
ORD00443,2026-04-06,Customer_00443,Vijayawada,Devices,4,9513.85,951.39,0.02
ORD00444,2026-04-10,Customer_00444,Vijayawada,Medicines,5,8693.69,956.31,0.03
ORD00445,2026-04-14,Customer_00445,Vijayawada,Wellness,1,9267.8,1112.14,0.04
ORD00446,2026-04-18,Customer_00446,Vijayawada,Personal Care,2,8447.64,1098.19,0.05
ORD00447,2026-04-22,Customer_00447,Vijayawada,Devices,3,9021.75,1263.05,0.06
ORD00448,2026-04-26,Customer_00448,Vijayawada,Medicines,4,8201.59,1230.24,0.07
ORD00449,2026-04-02,Customer_00449,Vijayawada,Wellness,5,8775.7,1404.11,0.08
ORD00450,2026-04-06,Customer_00450,Vijayawada,Personal Care,1,9349.82,747.99,0.09
ORD00451,2026-04-10,Customer_00451,Vijayawada,Devices,2,8529.66,767.67,0.1
ORD00452,2026-04-14,Customer_00452,Vijayawada,Medicines,3,9103.77,910.38,0.11
ORD00453,2026-04-18,Customer_00453,Vijayawada,Wellness,4,8283.61,911.2,0.12
ORD00454,2026-04-22,Customer_00454,Vijayawada,Personal Care,5,8857.72,1062.93,0.13
ORD00455,2026-04-26,Customer_00455,Vijayawada,Devices,1,9431.83,1226.14,0.14
ORD00456,2026-04-02,Customer_00456,Vijayawada,Medicines,2,8611.67,1205.63,0.15
ORD00457,2026-04-06,Customer_00457,Vijayawada,Wellness,3,9185.78,1377.87,0.16
ORD00458,2026-04-10,Customer_00458,Vijayawada,Personal Care,4,8365.62,1338.5,0.17
ORD00459,2026-04-14,Customer_00459,Vijayawada,Devices,5,8939.74,715.18,0.18
ORD00460,2026-04-18,Customer_00460,Vijayawada,Medicines,1,9513.85,856.25,0.19
ORD00461,2026-04-22,Customer_00461,Vijayawada,Wellness,2,8693.69,869.37,0.2
ORD00462,2026-04-26,Customer_00462,Vijayawada,Personal Care,3,9267.8,1019.46,0.0
ORD00463,2026-04-02,Customer_00463,Vijayawada,Devices,4,8447.64,1013.72,0.01
ORD00464,2026-04-06,Customer_00464,Vijayawada,Medicines,5,9021.75,1172.83,0.02
ORD00465,2026-04-10,Customer_00465,Vijayawada,Wellness,1,8201.59,1148.22,0.03
ORD00466,2026-04-14,Customer_00466,Vijayawada,Personal Care,2,8775.7,1316.36,0.04
ORD00467,2026-04-18,Customer_00467,Vijayawada,Devices,3,9349.82,1495.97,0.05
ORD00468,2026-04-22,Customer_00468,Vijayawada,Medicines,4,8529.66,682.37,0.06
ORD00469,2026-04-26,Customer_00469,Vijayawada,Wellness,5,9103.77,819.34,0.07
ORD00470,2026-04-02,Customer_00470,Vijayawada,Personal Care,1,8283.62,828.36,0.08
ORD00471,2026-04-24,Customer_00471,Visakhapatnam,Devices,2,9202.28,1012.25,0.09
ORD00472,2026-04-28,Customer_00472,Visakhapatnam,Medicines,3,9833.81,1180.06,0.1
ORD00473,2026-04-04,Customer_00473,Visakhapatnam,Wellness,4,10465.34,1360.49,0.11
ORD00474,2026-04-08,Customer_00474,Visakhapatnam,Personal Care,5,9563.15,1338.84,0.12
ORD00475,2026-04-12,Customer_00475,Visakhapatnam,Devices,1,10194.68,1529.2,0.13
ORD00476,2026-04-16,Customer_00476,Visakhapatnam,Medicines,2,9292.5,1486.8,0.14
ORD00477,2026-04-20,Customer_00477,Visakhapatnam,Wellness,3,9924.03,793.92,0.15
ORD00478,2026-04-24,Customer_00478,Visakhapatnam,Personal Care,4,9021.84,811.97,0.16
ORD00479,2026-04-28,Customer_00479,Visakhapatnam,Devices,5,9653.37,965.34,0.17
ORD00480,2026-04-04,Customer_00480,Visakhapatnam,Medicines,1,10284.9,1131.34,0.18
ORD00481,2026-04-08,Customer_00481,Visakhapatnam,Wellness,2,9382.72,1125.93,0.19
ORD00482,2026-04-12,Customer_00482,Visakhapatnam,Personal Care,3,10014.25,1301.85,0.2
ORD00483,2026-04-16,Customer_00483,Visakhapatnam,Devices,4,9112.06,1275.69,0.0
ORD00484,2026-04-20,Customer_00484,Visakhapatnam,Medicines,5,9743.59,1461.54,0.01
ORD00485,2026-04-24,Customer_00485,Visakhapatnam,Wellness,1,10375.12,1660.02,0.02
ORD00486,2026-04-28,Customer_00486,Visakhapatnam,Personal Care,2,9472.93,757.83,0.03
ORD00487,2026-04-04,Customer_00487,Visakhapatnam,Devices,3,10104.46,909.4,0.04
ORD00488,2026-04-08,Customer_00488,Visakhapatnam,Medicines,4,9202.28,920.23,0.05
ORD00489,2026-04-12,Customer_00489,Visakhapatnam,Wellness,5,9833.81,1081.72,0.06
ORD00490,2026-04-16,Customer_00490,Visakhapatnam,Personal Care,1,10465.34,1255.84,0.07
ORD00491,2026-04-20,Customer_00491,Visakhapatnam,Devices,2,9563.15,1243.21,0.08
ORD00492,2026-04-24,Customer_00492,Visakhapatnam,Medicines,3,10194.68,1427.26,0.09
ORD00493,2026-04-28,Customer_00493,Visakhapatnam,Wellness,4,9292.5,1393.88,0.1
ORD00494,2026-04-04,Customer_00494,Visakhapatnam,Personal Care,5,9924.03,1587.84,0.11
ORD00495,2026-04-08,Customer_00495,Visakhapatnam,Devices,1,9021.84,721.75,0.12
ORD00496,2026-04-12,Customer_00496,Visakhapatnam,Medicines,2,9653.37,868.8,0.13
ORD00497,2026-04-16,Customer_00497,Visakhapatnam,Wellness,3,10284.9,1028.49,0.14
ORD00498,2026-04-20,Customer_00498,Visakhapatnam,Personal Care,4,9382.72,1032.1,0.15
ORD00499,2026-04-24,Customer_00499,Visakhapatnam,Devices,5,10014.25,1201.71,0.16
ORD00500,2026-04-28,Customer_00500,Visakhapatnam,Medicines,1,9112.06,1184.57,0.17
ORD00501,2026-04-04,Customer_00501,Visakhapatnam,Wellness,2,9743.59,1364.1,0.18
ORD00502,2026-04-08,Customer_00502,Visakhapatnam,Personal Care,3,10375.12,1556.27,0.19
ORD00503,2026-04-12,Customer_00503,Visakhapatnam,Devices,4,9472.93,1515.67,0.2
ORD00504,2026-04-16,Customer_00504,Visakhapatnam,Medicines,5,10104.46,808.36,0.0
ORD00505,2026-04-20,Customer_00505,Visakhapatnam,Wellness,1,9202.28,828.21,0.01
ORD00506,2026-04-24,Customer_00506,Visakhapatnam,Personal Care,2,9833.81,983.38,0.02
ORD00507,2026-04-28,Customer_00507,Visakhapatnam,Devices,3,10465.34,1151.19,0.03
ORD00508,2026-04-04,Customer_00508,Visakhapatnam,Medicines,4,9563.15,1147.58,0.04
ORD00509,2026-04-08,Customer_00509,Visakhapatnam,Wellness,5,10194.68,1325.31,0.05
ORD00510,2026-04-12,Customer_00510,Visakhapatnam,Personal Care,1,9292.5,1300.95,0.06
ORD00511,2026-04-16,Customer_00511,Visakhapatnam,Devices,2,9924.03,1488.6,0.07
ORD00512,2026-04-20,Customer_00512,Visakhapatnam,Medicines,3,9021.84,1443.49,0.08
ORD00513,2026-04-24,Customer_00513,Visakhapatnam,Wellness,4,9653.37,772.27,0.09
ORD00514,2026-04-28,Customer_00514,Visakhapatnam,Personal Care,5,10284.9,925.64,0.1
ORD00515,2026-04-04,Customer_00515,Visakhapatnam,Devices,1,9382.72,938.27,0.11
ORD00516,2026-04-08,Customer_00516,Visakhapatnam,Medicines,2,10014.25,1101.57,0.12
ORD00517,2026-04-12,Customer_00517,Visakhapatnam,Wellness,3,9112.06,1093.45,0.13
ORD00518,2026-04-16,Customer_00518,Visakhapatnam,Personal Care,4,9743.59,1266.67,0.14
ORD00519,2026-04-20,Customer_00519,Visakhapatnam,Devices,5,10375.12,1452.52,0.15
ORD00520,2026-04-24,Customer_00520,Visakhapatnam,Medicines,1,9472.93,1420.94,0.16
ORD00521,2026-04-28,Customer_00521,Visakhapatnam,Wellness,2,10104.46,1616.71,0.17
ORD00522,2026-04-04,Customer_00522,Visakhapatnam,Personal Care,3,9202.28,736.18,0.18
ORD00523,2026-04-08,Customer_00523,Visakhapatnam,Devices,4,9833.81,885.04,0.19
ORD00524,2026-04-12,Customer_00524,Visakhapatnam,Medicines,5,10465.34,1046.53,0.2
ORD00525,2026-04-16,Customer_00525,Visakhapatnam,Wellness,1,9563.15,1051.95,0.0
ORD00526,2026-04-20,Customer_00526,Visakhapatnam,Personal Care,2,10194.68,1223.36,0.01
ORD00527,2026-04-24,Customer_00527,Visakhapatnam,Devices,3,9292.5,1208.03,0.02
ORD00528,2026-04-28,Customer_00528,Visakhapatnam,Medicines,4,9924.03,1389.36,0.03
ORD00529,2026-04-04,Customer_00529,Visakhapatnam,Wellness,5,9021.84,1353.28,0.04
ORD00530,2026-04-08,Customer_00530,Visakhapatnam,Personal Care,1,9653.37,1544.54,0.05
ORD00531,2026-04-12,Customer_00531,Visakhapatnam,Devices,2,10284.9,822.79,0.06
ORD00532,2026-04-16,Customer_00532,Visakhapatnam,Medicines,3,9382.72,844.44,0.07
ORD00533,2026-04-20,Customer_00533,Visakhapatnam,Wellness,4,10014.25,1001.43,0.08
ORD00534,2026-04-24,Customer_00534,Visakhapatnam,Personal Care,5,9112.06,1002.33,0.09
ORD00535,2026-04-28,Customer_00535,Visakhapatnam,Devices,1,9743.59,1169.23,0.1
ORD00536,2026-04-04,Customer_00536,Visakhapatnam,Medicines,2,10375.12,1348.77,0.11
ORD00537,2026-04-08,Customer_00537,Visakhapatnam,Wellness,3,9472.93,1326.21,0.12
ORD00538,2026-04-12,Customer_00538,Visakhapatnam,Personal Care,4,10104.46,1515.67,0.13
ORD00539,2026-04-16,Customer_00539,Visakhapatnam,Devices,5,9202.28,1472.36,0.14
ORD00540,2026-04-20,Customer_00540,Visakhapatnam,Medicines,1,9833.81,786.7,0.15
ORD00541,2026-04-24,Customer_00541,Visakhapatnam,Wellness,2,10465.34,941.88,0.16
ORD00542,2026-04-28,Customer_00542,Visakhapatnam,Personal Care,3,9563.15,956.32,0.17
ORD00543,2026-04-04,Customer_00543,Visakhapatnam,Devices,4,10194.68,1121.41,0.18
ORD00544,2026-04-08,Customer_00544,Visakhapatnam,Medicines,5,9292.5,1115.1,0.19
ORD00545,2026-04-12,Customer_00545,Visakhapatnam,Wellness,1,9924.03,1290.12,0.2
ORD00546,2026-04-16,Customer_00546,Visakhapatnam,Personal Care,2,9021.84,1263.06,0.0
ORD00547,2026-04-20,Customer_00547,Visakhapatnam,Devices,3,9653.37,1448.01,0.01
ORD00548,2026-04-24,Customer_00548,Visakhapatnam,Medicines,4,10284.88,1645.58,0.02
ORD00549,2026-04-18,Customer_00549,Guntur,Wellness,5,1436.96,114.96,0.03
ORD00550,2026-04-22,Customer_00550,Guntur,Personal Care,1,1312.01,118.08,0.04
ORD00551,2026-04-26,Customer_00551,Guntur,Devices,2,1399.48,139.95,0.05
ORD00552,2026-04-02,Customer_00552,Guntur,Medicines,3,1274.52,140.2,0.06
ORD00553,2026-04-06,Customer_00553,Guntur,Wellness,4,1361.99,163.44,0.07
ORD00554,2026-04-10,Customer_00554,Guntur,Personal Care,5,1449.46,188.43,0.08
ORD00555,2026-04-14,Customer_00555,Guntur,Devices,1,1324.5,185.43,0.09
ORD00556,2026-04-18,Customer_00556,Guntur,Medicines,2,1411.97,211.8,0.1
ORD00557,2026-04-22,Customer_00557,Guntur,Wellness,3,1287.02,205.92,0.11
ORD00558,2026-04-26,Customer_00558,Guntur,Personal Care,4,1374.48,109.96,0.12
ORD00559,2026-04-02,Customer_00559,Guntur,Devices,5,1249.53,112.46,0.13
ORD00560,2026-04-06,Customer_00560,Guntur,Medicines,1,1337.0,133.7,0.14
ORD00561,2026-04-10,Customer_00561,Guntur,Wellness,2,1424.47,156.69,0.15
ORD00562,2026-04-14,Customer_00562,Guntur,Personal Care,3,1299.51,155.94,0.16
ORD00563,2026-04-18,Customer_00563,Guntur,Devices,4,1386.98,180.31,0.17
ORD00564,2026-04-22,Customer_00564,Guntur,Medicines,5,1262.03,176.68,0.18
ORD00565,2026-04-26,Customer_00565,Guntur,Wellness,1,1349.49,202.42,0.19
ORD00566,2026-04-02,Customer_00566,Guntur,Personal Care,2,1436.96,229.91,0.2
ORD00567,2026-04-06,Customer_00567,Guntur,Devices,3,1312.01,104.96,0.0
ORD00568,2026-04-10,Customer_00568,Guntur,Medicines,4,1399.48,125.95,0.01
ORD00569,2026-04-14,Customer_00569,Guntur,Wellness,5,1274.52,127.45,0.02
ORD00570,2026-04-18,Customer_00570,Guntur,Personal Care,1,1361.99,149.82,0.03
ORD00571,2026-04-22,Customer_00571,Guntur,Devices,2,1449.46,173.94,0.04
ORD00572,2026-04-26,Customer_00572,Guntur,Medicines,3,1324.5,172.19,0.05
ORD00573,2026-04-02,Customer_00573,Guntur,Wellness,4,1411.97,197.68,0.06
ORD00574,2026-04-06,Customer_00574,Guntur,Personal Care,5,1287.02,193.05,0.07
ORD00575,2026-04-10,Customer_00575,Guntur,Devices,1,1374.48,219.92,0.08
ORD00576,2026-04-14,Customer_00576,Guntur,Medicines,2,1249.53,99.96,0.09
ORD00577,2026-04-18,Customer_00577,Guntur,Wellness,3,1337.0,120.33,0.1
ORD00578,2026-04-22,Customer_00578,Guntur,Personal Care,4,1424.47,142.45,0.11
ORD00579,2026-04-26,Customer_00579,Guntur,Devices,5,1299.51,142.95,0.12
ORD00580,2026-04-02,Customer_00580,Guntur,Medicines,1,1386.98,166.44,0.13
ORD00581,2026-04-06,Customer_00581,Guntur,Wellness,2,1262.03,164.06,0.14
ORD00582,2026-04-10,Customer_00582,Guntur,Personal Care,3,1349.49,188.93,0.15
ORD00583,2026-04-14,Customer_00583,Guntur,Devices,4,1436.96,215.54,0.16
ORD00584,2026-04-18,Customer_00584,Guntur,Medicines,5,1312.01,209.92,0.17
ORD00585,2026-04-22,Customer_00585,Guntur,Wellness,1,1399.48,111.96,0.18
ORD00586,2026-04-26,Customer_00586,Guntur,Personal Care,2,1274.52,114.71,0.19
ORD00587,2026-04-02,Customer_00587,Guntur,Devices,3,1361.99,136.2,0.2
ORD00588,2026-04-06,Customer_00588,Guntur,Medicines,4,1449.46,159.44,0.0
ORD00589,2026-04-10,Customer_00589,Guntur,Wellness,5,1324.5,158.94,0.01
ORD00590,2026-04-14,Customer_00590,Guntur,Personal Care,1,1411.97,183.56,0.02
ORD00591,2026-04-18,Customer_00591,Guntur,Devices,2,1287.02,180.18,0.03
ORD00592,2026-04-22,Customer_00592,Guntur,Medicines,3,1374.48,206.17,0.04
ORD00593,2026-04-26,Customer_00593,Guntur,Wellness,4,1249.53,199.92,0.05
ORD00594,2026-04-02,Customer_00594,Guntur,Personal Care,5,1337.0,106.96,0.06
ORD00595,2026-04-06,Customer_00595,Guntur,Devices,1,1424.47,128.2,0.07
ORD00596,2026-04-10,Customer_00596,Guntur,Medicines,2,1299.51,129.95,0.08
ORD00597,2026-04-14,Customer_00597,Guntur,Wellness,3,1386.98,152.57,0.09
ORD00598,2026-04-18,Customer_00598,Guntur,Personal Care,4,1262.03,151.44,0.1
ORD00599,2026-04-22,Customer_00599,Guntur,Devices,5,1349.49,175.43,0.11
ORD00600,2026-04-26,Customer_00600,Guntur,Medicines,1,1436.96,201.17,0.12
ORD00601,2026-04-02,Customer_00601,Guntur,Wellness,2,1312.01,196.8,0.13
ORD00602,2026-04-06,Customer_00602,Guntur,Personal Care,3,1399.48,223.92,0.14
ORD00603,2026-04-10,Customer_00603,Guntur,Devices,4,1274.52,101.96,0.15
ORD00604,2026-04-14,Customer_00604,Guntur,Medicines,5,1361.99,122.58,0.16
ORD00605,2026-04-18,Customer_00605,Guntur,Wellness,1,1449.46,144.95,0.17
ORD00606,2026-04-22,Customer_00606,Guntur,Personal Care,2,1324.5,145.69,0.18
ORD00607,2026-04-26,Customer_00607,Guntur,Devices,3,1411.97,169.44,0.19
ORD00608,2026-04-02,Customer_00608,Guntur,Medicines,4,1287.02,167.31,0.2
ORD00609,2026-04-06,Customer_00609,Guntur,Wellness,5,1374.48,192.43,0.0
ORD00610,2026-04-10,Customer_00610,Guntur,Personal Care,1,1249.53,187.43,0.01
ORD00611,2026-04-14,Customer_00611,Guntur,Devices,2,1337.0,213.92,0.02
ORD00612,2026-04-18,Customer_00612,Guntur,Medicines,3,1424.47,113.96,0.03
ORD00613,2026-04-22,Customer_00613,Guntur,Wellness,4,1299.51,116.96,0.04
ORD00614,2026-04-26,Customer_00614,Guntur,Personal Care,5,1386.98,138.7,0.05
ORD00615,2026-04-02,Customer_00615,Guntur,Devices,1,1262.03,138.82,0.06
ORD00616,2026-04-06,Customer_00616,Guntur,Medicines,2,1349.49,161.94,0.07
ORD00617,2026-04-10,Customer_00617,Guntur,Wellness,3,1436.96,186.8,0.08
ORD00618,2026-04-14,Customer_00618,Guntur,Personal Care,4,1312.01,183.68,0.09
ORD00619,2026-04-18,Customer_00619,Guntur,Devices,5,1399.48,209.92,0.1
ORD00620,2026-04-22,Customer_00620,Guntur,Medicines,1,1274.52,203.92,0.11
ORD00621,2026-04-26,Customer_00621,Guntur,Wellness,2,1361.99,108.96,0.12
ORD00622,2026-04-02,Customer_00622,Guntur,Personal Care,3,1449.44,130.45,0.13
ORD00623,2026-04-08,Customer_00623,Tirupati,Devices,4,5367.82,536.78,0.14
ORD00624,2026-04-12,Customer_00624,Tirupati,Medicines,5,4905.08,539.56,0.15
ORD00625,2026-04-16,Customer_00625,Tirupati,Wellness,1,5229.0,627.48,0.16
ORD00626,2026-04-20,Customer_00626,Tirupati,Personal Care,2,4766.26,619.61,0.17
ORD00627,2026-04-24,Customer_00627,Tirupati,Devices,3,5090.18,712.63,0.18
ORD00628,2026-04-28,Customer_00628,Tirupati,Medicines,4,4627.43,694.11,0.19
ORD00629,2026-04-04,Customer_00629,Tirupati,Wellness,5,4951.35,792.22,0.2
ORD00630,2026-04-08,Customer_00630,Tirupati,Personal Care,1,5275.27,422.02,0.0
ORD00631,2026-04-12,Customer_00631,Tirupati,Devices,2,4812.53,433.13,0.01
ORD00632,2026-04-16,Customer_00632,Tirupati,Medicines,3,5136.45,513.64,0.02
ORD00633,2026-04-20,Customer_00633,Tirupati,Wellness,4,4673.71,514.11,0.03
ORD00634,2026-04-24,Customer_00634,Tirupati,Personal Care,5,4997.63,599.72,0.04
ORD00635,2026-04-28,Customer_00635,Tirupati,Devices,1,5321.55,691.8,0.05
ORD00636,2026-04-04,Customer_00636,Tirupati,Medicines,2,4858.8,680.23,0.06
ORD00637,2026-04-08,Customer_00637,Tirupati,Wellness,3,5182.72,777.41,0.07
ORD00638,2026-04-12,Customer_00638,Tirupati,Personal Care,4,4719.98,755.2,0.08
ORD00639,2026-04-16,Customer_00639,Tirupati,Devices,5,5043.9,403.51,0.09
ORD00640,2026-04-20,Customer_00640,Tirupati,Medicines,1,5367.82,483.1,0.1
ORD00641,2026-04-24,Customer_00641,Tirupati,Wellness,2,4905.08,490.51,0.11
ORD00642,2026-04-28,Customer_00642,Tirupati,Personal Care,3,5229.0,575.19,0.12
ORD00643,2026-04-04,Customer_00643,Tirupati,Devices,4,4766.26,571.95,0.13
ORD00644,2026-04-08,Customer_00644,Tirupati,Medicines,5,5090.18,661.72,0.14
ORD00645,2026-04-12,Customer_00645,Tirupati,Wellness,1,4627.43,647.84,0.15
ORD00646,2026-04-16,Customer_00646,Tirupati,Personal Care,2,4951.35,742.7,0.16
ORD00647,2026-04-20,Customer_00647,Tirupati,Devices,3,5275.27,844.04,0.17
ORD00648,2026-04-24,Customer_00648,Tirupati,Medicines,4,4812.53,385.0,0.18
ORD00649,2026-04-28,Customer_00649,Tirupati,Wellness,5,5136.45,462.28,0.19
ORD00650,2026-04-04,Customer_00650,Tirupati,Personal Care,1,4673.71,467.37,0.2
ORD00651,2026-04-08,Customer_00651,Tirupati,Devices,2,4997.63,549.74,0.0
ORD00652,2026-04-12,Customer_00652,Tirupati,Medicines,3,5321.55,638.59,0.01
ORD00653,2026-04-16,Customer_00653,Tirupati,Wellness,4,4858.8,631.64,0.02
ORD00654,2026-04-20,Customer_00654,Tirupati,Personal Care,5,5182.72,725.58,0.03
ORD00655,2026-04-24,Customer_00655,Tirupati,Devices,1,4719.98,708.0,0.04
ORD00656,2026-04-28,Customer_00656,Tirupati,Medicines,2,5043.9,807.02,0.05
ORD00657,2026-04-04,Customer_00657,Tirupati,Wellness,3,5367.82,429.43,0.06
ORD00658,2026-04-08,Customer_00658,Tirupati,Personal Care,4,4905.08,441.46,0.07
ORD00659,2026-04-12,Customer_00659,Tirupati,Devices,5,5229.0,522.9,0.08
ORD00660,2026-04-16,Customer_00660,Tirupati,Medicines,1,4766.26,524.29,0.09
ORD00661,2026-04-20,Customer_00661,Tirupati,Wellness,2,5090.18,610.82,0.1
ORD00662,2026-04-24,Customer_00662,Tirupati,Personal Care,3,4627.43,601.57,0.11
ORD00663,2026-04-28,Customer_00663,Tirupati,Devices,4,4951.35,693.19,0.12
ORD00664,2026-04-04,Customer_00664,Tirupati,Medicines,5,5275.27,791.29,0.13
ORD00665,2026-04-08,Customer_00665,Tirupati,Wellness,1,4812.53,770.0,0.14
ORD00666,2026-04-12,Customer_00666,Tirupati,Personal Care,2,5136.45,410.92,0.15
ORD00667,2026-04-16,Customer_00667,Tirupati,Devices,3,4673.71,420.63,0.16
ORD00668,2026-04-20,Customer_00668,Tirupati,Medicines,4,4997.63,499.76,0.17
ORD00669,2026-04-24,Customer_00669,Tirupati,Wellness,5,5321.55,585.37,0.18
ORD00670,2026-04-28,Customer_00670,Tirupati,Personal Care,1,4858.8,583.06,0.19
ORD00671,2026-04-04,Customer_00671,Tirupati,Devices,2,5182.72,673.75,0.2
ORD00672,2026-04-08,Customer_00672,Tirupati,Medicines,3,4719.98,660.8,0.0
ORD00673,2026-04-12,Customer_00673,Tirupati,Wellness,4,5043.9,756.59,0.01
ORD00674,2026-04-16,Customer_00674,Tirupati,Personal Care,5,5367.82,858.85,0.02
ORD00675,2026-04-20,Customer_00675,Tirupati,Devices,1,4905.08,392.41,0.03
ORD00676,2026-04-24,Customer_00676,Tirupati,Medicines,2,5229.0,470.61,0.04
ORD00677,2026-04-28,Customer_00677,Tirupati,Wellness,3,4766.26,476.63,0.05
ORD00678,2026-04-04,Customer_00678,Tirupati,Personal Care,4,5090.18,559.92,0.06
ORD00679,2026-04-08,Customer_00679,Tirupati,Devices,5,4627.43,555.29,0.07
ORD00680,2026-04-12,Customer_00680,Tirupati,Medicines,1,4951.35,643.68,0.08
ORD00681,2026-04-16,Customer_00681,Tirupati,Wellness,2,5275.27,738.54,0.09
ORD00682,2026-04-20,Customer_00682,Tirupati,Personal Care,3,4812.53,721.88,0.1
ORD00683,2026-04-24,Customer_00683,Tirupati,Devices,4,5136.45,821.83,0.11
ORD00684,2026-04-28,Customer_00684,Tirupati,Medicines,5,4673.71,373.9,0.12
ORD00685,2026-04-04,Customer_00685,Tirupati,Wellness,1,4997.63,449.79,0.13
ORD00686,2026-04-08,Customer_00686,Tirupati,Personal Care,2,5321.55,532.16,0.14
ORD00687,2026-04-12,Customer_00687,Tirupati,Devices,3,4858.8,534.47,0.15
ORD00688,2026-04-16,Customer_00688,Tirupati,Medicines,4,5182.72,621.93,0.16
ORD00689,2026-04-20,Customer_00689,Tirupati,Wellness,5,4719.98,613.6,0.17
ORD00690,2026-04-24,Customer_00690,Tirupati,Personal Care,1,5043.9,706.15,0.18
ORD00691,2026-04-28,Customer_00691,Tirupati,Devices,2,5367.82,805.17,0.19
ORD00692,2026-04-04,Customer_00692,Tirupati,Medicines,3,4905.08,784.81,0.2
ORD00693,2026-04-08,Customer_00693,Tirupati,Wellness,4,5229.0,418.32,0.0
ORD00694,2026-04-12,Customer_00694,Tirupati,Personal Care,5,4766.26,428.96,0.01
ORD00695,2026-04-16,Customer_00695,Tirupati,Devices,1,5090.18,509.02,0.02
ORD00696,2026-04-20,Customer_00696,Tirupati,Medicines,2,4627.43,509.02,0.03
ORD00697,2026-04-24,Customer_00697,Tirupati,Wellness,3,4951.35,594.16,0.04
ORD00698,2026-04-28,Customer_00698,Tirupati,Personal Care,4,5275.27,685.79,0.05
ORD00699,2026-04-04,Customer_00699,Tirupati,Devices,5,4812.53,673.75,0.06
ORD00700,2026-04-08,Customer_00700,Tirupati,Medicines,1,5136.44,770.47,0.07
ORD00701,2026-05-02,Customer_00701,Hyderabad,Wellness,2,11148.15,1783.7,0.08
ORD00702,2026-05-06,Customer_00702,Hyderabad,Personal Care,3,10152.78,812.22,0.09
ORD00703,2026-05-10,Customer_00703,Hyderabad,Devices,4,10849.54,976.46,0.1
ORD00704,2026-05-14,Customer_00704,Hyderabad,Medicines,5,11546.3,1154.63,0.11
ORD00705,2026-05-18,Customer_00705,Hyderabad,Wellness,1,10550.93,1160.6,0.12
ORD00706,2026-05-22,Customer_00706,Hyderabad,Personal Care,2,11247.69,1349.72,0.13
ORD00707,2026-05-26,Customer_00707,Hyderabad,Devices,3,10252.31,1332.8,0.14
ORD00708,2026-05-02,Customer_00708,Hyderabad,Medicines,4,10949.07,1532.87,0.15
ORD00709,2026-05-06,Customer_00709,Hyderabad,Wellness,5,9953.7,1493.06,0.16
ORD00710,2026-05-10,Customer_00710,Hyderabad,Personal Care,1,10650.46,1704.07,0.17
ORD00711,2026-05-14,Customer_00711,Hyderabad,Devices,2,11347.22,907.78,0.18
ORD00712,2026-05-18,Customer_00712,Hyderabad,Medicines,3,10351.85,931.67,0.19
ORD00713,2026-05-22,Customer_00713,Hyderabad,Wellness,4,11048.61,1104.86,0.2
ORD00714,2026-05-26,Customer_00714,Hyderabad,Personal Care,5,10053.24,1105.86,0.0
ORD00715,2026-05-02,Customer_00715,Hyderabad,Devices,1,10750.0,1290.0,0.01
ORD00716,2026-05-06,Customer_00716,Hyderabad,Medicines,2,11446.76,1488.08,0.02
ORD00717,2026-05-10,Customer_00717,Hyderabad,Wellness,3,10451.39,1463.19,0.03
ORD00718,2026-05-14,Customer_00718,Hyderabad,Personal Care,4,11148.15,1672.22,0.04
ORD00719,2026-05-18,Customer_00719,Hyderabad,Devices,5,10152.78,1624.44,0.05
ORD00720,2026-05-22,Customer_00720,Hyderabad,Medicines,1,10849.54,867.96,0.06
ORD00721,2026-05-26,Customer_00721,Hyderabad,Wellness,2,11546.3,1039.17,0.07
ORD00722,2026-05-02,Customer_00722,Hyderabad,Personal Care,3,10550.93,1055.09,0.08
ORD00723,2026-05-06,Customer_00723,Hyderabad,Devices,4,11247.69,1237.25,0.09
ORD00724,2026-05-10,Customer_00724,Hyderabad,Medicines,5,10252.31,1230.28,0.1
ORD00725,2026-05-14,Customer_00725,Hyderabad,Wellness,1,10949.07,1423.38,0.11
ORD00726,2026-05-18,Customer_00726,Hyderabad,Personal Care,2,9953.7,1393.52,0.12
ORD00727,2026-05-22,Customer_00727,Hyderabad,Devices,3,10650.46,1597.57,0.13
ORD00728,2026-05-26,Customer_00728,Hyderabad,Medicines,4,11347.22,1815.56,0.14
ORD00729,2026-05-02,Customer_00729,Hyderabad,Wellness,5,10351.85,828.15,0.15
ORD00730,2026-05-06,Customer_00730,Hyderabad,Personal Care,1,11048.61,994.37,0.16
ORD00731,2026-05-10,Customer_00731,Hyderabad,Devices,2,10053.24,1005.32,0.17
ORD00732,2026-05-14,Customer_00732,Hyderabad,Medicines,3,10750.0,1182.5,0.18
ORD00733,2026-05-18,Customer_00733,Hyderabad,Wellness,4,11446.76,1373.61,0.19
ORD00734,2026-05-22,Customer_00734,Hyderabad,Personal Care,5,10451.39,1358.68,0.2
ORD00735,2026-05-26,Customer_00735,Hyderabad,Devices,1,11148.15,1560.74,0.0
ORD00736,2026-05-02,Customer_00736,Hyderabad,Medicines,2,10152.78,1522.92,0.01
ORD00737,2026-05-06,Customer_00737,Hyderabad,Wellness,3,10849.54,1735.93,0.02
ORD00738,2026-05-10,Customer_00738,Hyderabad,Personal Care,4,11546.3,923.7,0.03
ORD00739,2026-05-14,Customer_00739,Hyderabad,Devices,5,10550.93,949.58,0.04
ORD00740,2026-05-18,Customer_00740,Hyderabad,Medicines,1,11247.69,1124.77,0.05
ORD00741,2026-05-22,Customer_00741,Hyderabad,Wellness,2,10252.31,1127.75,0.06
ORD00742,2026-05-26,Customer_00742,Hyderabad,Personal Care,3,10949.07,1313.89,0.07
ORD00743,2026-05-02,Customer_00743,Hyderabad,Devices,4,9953.7,1293.98,0.08
ORD00744,2026-05-06,Customer_00744,Hyderabad,Medicines,5,10650.46,1491.06,0.09
ORD00745,2026-05-10,Customer_00745,Hyderabad,Wellness,1,11347.22,1702.08,0.1
ORD00746,2026-05-14,Customer_00746,Hyderabad,Personal Care,2,10351.85,1656.3,0.11
ORD00747,2026-05-18,Customer_00747,Hyderabad,Devices,3,11048.61,883.89,0.12
ORD00748,2026-05-22,Customer_00748,Hyderabad,Medicines,4,10053.24,904.79,0.13
ORD00749,2026-05-26,Customer_00749,Hyderabad,Wellness,5,10750.0,1075.0,0.14
ORD00750,2026-05-02,Customer_00750,Hyderabad,Personal Care,1,11446.76,1259.14,0.15
ORD00751,2026-05-06,Customer_00751,Hyderabad,Devices,2,10451.39,1254.17,0.16
ORD00752,2026-05-10,Customer_00752,Hyderabad,Medicines,3,11148.15,1449.26,0.17
ORD00753,2026-05-14,Customer_00753,Hyderabad,Wellness,4,10152.78,1421.39,0.18
ORD00754,2026-05-18,Customer_00754,Hyderabad,Personal Care,5,10849.54,1627.43,0.19
ORD00755,2026-05-22,Customer_00755,Hyderabad,Devices,1,11546.3,1847.41,0.2
ORD00756,2026-05-26,Customer_00756,Hyderabad,Medicines,2,10550.93,844.07,0.0
ORD00757,2026-05-02,Customer_00757,Hyderabad,Wellness,3,11247.69,1012.29,0.01
ORD00758,2026-05-06,Customer_00758,Hyderabad,Personal Care,4,10252.31,1025.23,0.02
ORD00759,2026-05-10,Customer_00759,Hyderabad,Devices,5,10949.07,1204.4,0.03
ORD00760,2026-05-14,Customer_00760,Hyderabad,Medicines,1,9953.7,1194.44,0.04
ORD00761,2026-05-18,Customer_00761,Hyderabad,Wellness,2,10650.46,1384.56,0.05
ORD00762,2026-05-22,Customer_00762,Hyderabad,Personal Care,3,11347.22,1588.61,0.06
ORD00763,2026-05-26,Customer_00763,Hyderabad,Devices,4,10351.85,1552.78,0.07
ORD00764,2026-05-02,Customer_00764,Hyderabad,Medicines,5,11048.61,1767.78,0.08
ORD00765,2026-05-06,Customer_00765,Hyderabad,Wellness,1,10053.24,804.26,0.09
ORD00766,2026-05-10,Customer_00766,Hyderabad,Personal Care,2,10750.0,967.5,0.1
ORD00767,2026-05-14,Customer_00767,Hyderabad,Devices,3,11446.76,1144.68,0.11
ORD00768,2026-05-18,Customer_00768,Hyderabad,Medicines,4,10451.39,1149.65,0.12
ORD00769,2026-05-22,Customer_00769,Hyderabad,Wellness,5,11148.15,1337.78,0.13
ORD00770,2026-05-26,Customer_00770,Hyderabad,Personal Care,1,10152.78,1319.86,0.14
ORD00771,2026-05-02,Customer_00771,Hyderabad,Devices,2,10849.54,1518.94,0.15
ORD00772,2026-05-06,Customer_00772,Hyderabad,Medicines,3,11546.3,1731.95,0.16
ORD00773,2026-05-10,Customer_00773,Hyderabad,Wellness,4,10550.93,1688.15,0.17
ORD00774,2026-05-14,Customer_00774,Hyderabad,Personal Care,5,11247.69,899.82,0.18
ORD00775,2026-05-18,Customer_00775,Hyderabad,Devices,1,10252.31,922.71,0.19
ORD00776,2026-05-22,Customer_00776,Hyderabad,Medicines,2,10949.07,1094.91,0.2
ORD00777,2026-05-26,Customer_00777,Hyderabad,Wellness,3,9953.7,1094.91,0.0
ORD00778,2026-05-02,Customer_00778,Hyderabad,Personal Care,4,10650.46,1278.06,0.01
ORD00779,2026-05-06,Customer_00779,Hyderabad,Devices,5,11347.22,1475.14,0.02
ORD00780,2026-05-10,Customer_00780,Hyderabad,Medicines,1,10351.85,1449.26,0.03
ORD00781,2026-05-26,Customer_00781,Warangal,Wellness,2,3991.69,598.75,0.04
ORD00782,2026-05-02,Customer_00782,Warangal,Personal Care,3,3641.54,582.65,0.05
ORD00783,2026-05-06,Customer_00783,Warangal,Devices,4,3886.65,310.93,0.06
ORD00784,2026-05-10,Customer_00784,Warangal,Medicines,5,3536.5,318.28,0.07
ORD00785,2026-05-14,Customer_00785,Warangal,Wellness,1,3781.6,378.16,0.08
ORD00786,2026-05-18,Customer_00786,Warangal,Personal Care,2,4026.71,442.94,0.09
ORD00787,2026-05-22,Customer_00787,Warangal,Devices,3,3676.56,441.19,0.1
ORD00788,2026-05-26,Customer_00788,Warangal,Medicines,4,3921.66,509.82,0.11
ORD00789,2026-05-02,Customer_00789,Warangal,Wellness,5,3571.51,500.01,0.12
ORD00790,2026-05-06,Customer_00790,Warangal,Personal Care,1,3816.62,572.49,0.13
ORD00791,2026-05-10,Customer_00791,Warangal,Devices,2,4061.72,649.88,0.14
ORD00792,2026-05-14,Customer_00792,Warangal,Medicines,3,3711.57,296.93,0.15
ORD00793,2026-05-18,Customer_00793,Warangal,Wellness,4,3956.68,356.1,0.16
ORD00794,2026-05-22,Customer_00794,Warangal,Personal Care,5,3606.53,360.65,0.17
ORD00795,2026-05-26,Customer_00795,Warangal,Devices,1,3851.63,423.68,0.18
ORD00796,2026-05-02,Customer_00796,Warangal,Medicines,2,3501.48,420.18,0.19
ORD00797,2026-05-06,Customer_00797,Warangal,Wellness,3,3746.59,487.06,0.2
ORD00798,2026-05-10,Customer_00798,Warangal,Personal Care,4,3991.69,558.84,0.0
ORD00799,2026-05-14,Customer_00799,Warangal,Devices,5,3641.54,546.23,0.01
ORD00800,2026-05-18,Customer_00800,Warangal,Medicines,1,3886.65,621.86,0.02
ORD00801,2026-05-22,Customer_00801,Warangal,Wellness,2,3536.5,282.92,0.03
ORD00802,2026-05-26,Customer_00802,Warangal,Personal Care,3,3781.6,340.34,0.04
ORD00803,2026-05-02,Customer_00803,Warangal,Devices,4,4026.71,402.67,0.05
ORD00804,2026-05-06,Customer_00804,Warangal,Medicines,5,3676.56,404.42,0.06
ORD00805,2026-05-10,Customer_00805,Warangal,Wellness,1,3921.66,470.6,0.07
ORD00806,2026-05-14,Customer_00806,Warangal,Personal Care,2,3571.51,464.3,0.08
ORD00807,2026-05-18,Customer_00807,Warangal,Devices,3,3816.62,534.33,0.09
ORD00808,2026-05-22,Customer_00808,Warangal,Medicines,4,4061.72,609.26,0.1
ORD00809,2026-05-26,Customer_00809,Warangal,Wellness,5,3711.57,593.85,0.11
ORD00810,2026-05-02,Customer_00810,Warangal,Personal Care,1,3956.68,316.53,0.12
ORD00811,2026-05-06,Customer_00811,Warangal,Devices,2,3606.53,324.59,0.13
ORD00812,2026-05-10,Customer_00812,Warangal,Medicines,3,3851.63,385.16,0.14
ORD00813,2026-05-14,Customer_00813,Warangal,Wellness,4,3501.48,385.16,0.15
ORD00814,2026-05-18,Customer_00814,Warangal,Personal Care,5,3746.59,449.59,0.16
ORD00815,2026-05-22,Customer_00815,Warangal,Devices,1,3991.69,518.92,0.17
ORD00816,2026-05-26,Customer_00816,Warangal,Medicines,2,3641.54,509.82,0.18
ORD00817,2026-05-02,Customer_00817,Warangal,Wellness,3,3886.65,583.0,0.19
ORD00818,2026-05-06,Customer_00818,Warangal,Personal Care,4,3536.5,565.84,0.2
ORD00819,2026-05-10,Customer_00819,Warangal,Devices,5,3781.6,302.53,0.0
ORD00820,2026-05-14,Customer_00820,Warangal,Medicines,1,4026.71,362.4,0.01
ORD00821,2026-05-18,Customer_00821,Warangal,Wellness,2,3676.56,367.66,0.02
ORD00822,2026-05-22,Customer_00822,Warangal,Personal Care,3,3921.66,431.38,0.03
ORD00823,2026-05-26,Customer_00823,Warangal,Devices,4,3571.51,428.58,0.04
ORD00824,2026-05-02,Customer_00824,Warangal,Medicines,5,3816.62,496.16,0.05
ORD00825,2026-05-06,Customer_00825,Warangal,Wellness,1,4061.72,568.64,0.06
ORD00826,2026-05-10,Customer_00826,Warangal,Personal Care,2,3711.57,556.74,0.07
ORD00827,2026-05-14,Customer_00827,Warangal,Devices,3,3956.68,633.07,0.08
ORD00828,2026-05-18,Customer_00828,Warangal,Medicines,4,3606.53,288.52,0.09
ORD00829,2026-05-22,Customer_00829,Warangal,Wellness,5,3851.63,346.65,0.1
ORD00830,2026-05-26,Customer_00830,Warangal,Personal Care,1,3501.48,350.15,0.11
ORD00831,2026-05-02,Customer_00831,Warangal,Devices,2,3746.59,412.12,0.12
ORD00832,2026-05-06,Customer_00832,Warangal,Medicines,3,3991.69,479.0,0.13
ORD00833,2026-05-10,Customer_00833,Warangal,Wellness,4,3641.54,473.4,0.14
ORD00834,2026-05-14,Customer_00834,Warangal,Personal Care,5,3886.65,544.13,0.15
ORD00835,2026-05-18,Customer_00835,Warangal,Devices,1,3536.5,530.48,0.16
ORD00836,2026-05-22,Customer_00836,Warangal,Medicines,2,3781.6,605.06,0.17
ORD00837,2026-05-26,Customer_00837,Warangal,Wellness,3,4026.71,322.14,0.18
ORD00838,2026-05-02,Customer_00838,Warangal,Personal Care,4,3676.56,330.89,0.19
ORD00839,2026-05-06,Customer_00839,Warangal,Devices,5,3921.66,392.17,0.2
ORD00840,2026-05-10,Customer_00840,Warangal,Medicines,1,3571.51,392.87,0.0
ORD00841,2026-05-14,Customer_00841,Warangal,Wellness,2,3816.62,457.99,0.01
ORD00842,2026-05-18,Customer_00842,Warangal,Personal Care,3,4061.72,528.02,0.02
ORD00843,2026-05-22,Customer_00843,Warangal,Devices,4,3711.57,519.62,0.03
ORD00844,2026-05-26,Customer_00844,Warangal,Medicines,5,3956.68,593.5,0.04
ORD00845,2026-05-02,Customer_00845,Warangal,Wellness,1,3606.53,577.04,0.05
ORD00846,2026-05-06,Customer_00846,Warangal,Personal Care,2,3851.63,308.13,0.06
ORD00847,2026-05-10,Customer_00847,Warangal,Devices,3,3501.48,315.13,0.07
ORD00848,2026-05-14,Customer_00848,Warangal,Medicines,4,3746.59,374.66,0.08
ORD00849,2026-05-18,Customer_00849,Warangal,Wellness,5,3991.69,439.09,0.09
ORD00850,2026-05-22,Customer_00850,Warangal,Personal Care,1,3641.54,436.98,0.1
ORD00851,2026-05-26,Customer_00851,Warangal,Devices,2,3886.65,505.26,0.11
ORD00852,2026-05-02,Customer_00852,Warangal,Medicines,3,3536.5,495.11,0.12
ORD00853,2026-05-06,Customer_00853,Warangal,Wellness,4,3781.6,567.24,0.13
ORD00854,2026-05-10,Customer_00854,Warangal,Personal Care,5,4026.71,644.27,0.14
ORD00855,2026-05-14,Customer_00855,Warangal,Devices,1,3676.56,294.12,0.15
ORD00856,2026-05-18,Customer_00856,Warangal,Medicines,2,3921.66,352.95,0.16
ORD00857,2026-05-22,Customer_00857,Warangal,Wellness,3,3571.51,357.15,0.17
ORD00858,2026-05-26,Customer_00858,Warangal,Personal Care,4,3816.62,419.83,0.18
ORD00859,2026-05-20,Customer_00859,Karimnagar,Devices,5,3789.05,454.69,0.19
ORD00860,2026-05-24,Customer_00860,Karimnagar,Medicines,1,3444.59,447.8,0.2
ORD00861,2026-05-28,Customer_00861,Karimnagar,Wellness,2,3685.71,516.0,0.0
ORD00862,2026-05-04,Customer_00862,Karimnagar,Personal Care,3,3926.83,589.02,0.01
ORD00863,2026-05-08,Customer_00863,Karimnagar,Devices,4,3582.37,573.18,0.02
ORD00864,2026-05-12,Customer_00864,Karimnagar,Medicines,5,3823.49,305.88,0.03
ORD00865,2026-05-16,Customer_00865,Karimnagar,Wellness,1,3479.04,313.11,0.04
ORD00866,2026-05-20,Customer_00866,Karimnagar,Personal Care,2,3720.16,372.02,0.05
ORD00867,2026-05-24,Customer_00867,Karimnagar,Devices,3,3961.28,435.74,0.06
ORD00868,2026-05-28,Customer_00868,Karimnagar,Medicines,4,3616.82,434.02,0.07
ORD00869,2026-05-04,Customer_00869,Karimnagar,Wellness,5,3857.94,501.53,0.08
ORD00870,2026-05-08,Customer_00870,Karimnagar,Personal Care,1,3513.48,491.89,0.09
ORD00871,2026-05-12,Customer_00871,Karimnagar,Devices,2,3754.6,563.19,0.1
ORD00872,2026-05-16,Customer_00872,Karimnagar,Medicines,3,3995.72,639.32,0.11
ORD00873,2026-05-20,Customer_00873,Karimnagar,Wellness,4,3651.26,292.1,0.12
ORD00874,2026-05-24,Customer_00874,Karimnagar,Personal Care,5,3892.39,350.32,0.13
ORD00875,2026-05-28,Customer_00875,Karimnagar,Devices,1,3547.93,354.79,0.14
ORD00876,2026-05-04,Customer_00876,Karimnagar,Medicines,2,3789.05,416.8,0.15
ORD00877,2026-05-08,Customer_00877,Karimnagar,Wellness,3,3444.59,413.35,0.16
ORD00878,2026-05-12,Customer_00878,Karimnagar,Personal Care,4,3685.71,479.14,0.17
ORD00879,2026-05-16,Customer_00879,Karimnagar,Devices,5,3926.83,549.76,0.18
ORD00880,2026-05-20,Customer_00880,Karimnagar,Medicines,1,3582.37,537.36,0.19
ORD00881,2026-05-24,Customer_00881,Karimnagar,Wellness,2,3823.49,611.76,0.2
ORD00882,2026-05-28,Customer_00882,Karimnagar,Personal Care,3,3479.04,278.32,0.0
ORD00883,2026-05-04,Customer_00883,Karimnagar,Devices,4,3720.16,334.81,0.01
ORD00884,2026-05-08,Customer_00884,Karimnagar,Medicines,5,3961.28,396.13,0.02
ORD00885,2026-05-12,Customer_00885,Karimnagar,Wellness,1,3616.82,397.85,0.03
ORD00886,2026-05-16,Customer_00886,Karimnagar,Personal Care,2,3857.94,462.95,0.04
ORD00887,2026-05-20,Customer_00887,Karimnagar,Devices,3,3513.48,456.75,0.05
ORD00888,2026-05-24,Customer_00888,Karimnagar,Medicines,4,3754.6,525.64,0.06
ORD00889,2026-05-28,Customer_00889,Karimnagar,Wellness,5,3995.72,599.36,0.07
ORD00890,2026-05-04,Customer_00890,Karimnagar,Personal Care,1,3651.26,584.2,0.08
ORD00891,2026-05-08,Customer_00891,Karimnagar,Devices,2,3892.39,311.39,0.09
ORD00892,2026-05-12,Customer_00892,Karimnagar,Medicines,3,3547.93,319.31,0.1
ORD00893,2026-05-16,Customer_00893,Karimnagar,Wellness,4,3789.05,378.91,0.11
ORD00894,2026-05-20,Customer_00894,Karimnagar,Personal Care,5,3444.59,378.9,0.12
ORD00895,2026-05-24,Customer_00895,Karimnagar,Devices,1,3685.71,442.29,0.13
ORD00896,2026-05-28,Customer_00896,Karimnagar,Medicines,2,3926.83,510.49,0.14
ORD00897,2026-05-04,Customer_00897,Karimnagar,Wellness,3,3582.37,501.53,0.15
ORD00898,2026-05-08,Customer_00898,Karimnagar,Personal Care,4,3823.49,573.52,0.16
ORD00899,2026-05-12,Customer_00899,Karimnagar,Devices,5,3479.04,556.65,0.17
ORD00900,2026-05-16,Customer_00900,Karimnagar,Medicines,1,3720.16,297.61,0.18
ORD00901,2026-05-20,Customer_00901,Karimnagar,Wellness,2,3961.28,356.52,0.19
ORD00902,2026-05-24,Customer_00902,Karimnagar,Personal Care,3,3616.82,361.68,0.2
ORD00903,2026-05-28,Customer_00903,Karimnagar,Devices,4,3857.94,424.37,0.0
ORD00904,2026-05-04,Customer_00904,Karimnagar,Medicines,5,3513.48,421.62,0.01
ORD00905,2026-05-08,Customer_00905,Karimnagar,Wellness,1,3754.6,488.1,0.02
ORD00906,2026-05-12,Customer_00906,Karimnagar,Personal Care,2,3995.72,559.4,0.03
ORD00907,2026-05-16,Customer_00907,Karimnagar,Devices,3,3651.26,547.69,0.04
ORD00908,2026-05-20,Customer_00908,Karimnagar,Medicines,4,3892.39,622.78,0.05
ORD00909,2026-05-24,Customer_00909,Karimnagar,Wellness,5,3547.93,283.83,0.06
ORD00910,2026-05-28,Customer_00910,Karimnagar,Personal Care,1,3789.05,341.01,0.07
ORD00911,2026-05-04,Customer_00911,Karimnagar,Devices,2,3444.59,344.46,0.08
ORD00912,2026-05-08,Customer_00912,Karimnagar,Medicines,3,3685.71,405.43,0.09
ORD00913,2026-05-12,Customer_00913,Karimnagar,Wellness,4,3926.83,471.22,0.1
ORD00914,2026-05-16,Customer_00914,Karimnagar,Personal Care,5,3582.37,465.71,0.11
ORD00915,2026-05-20,Customer_00915,Karimnagar,Devices,1,3823.49,535.29,0.12
ORD00916,2026-05-24,Customer_00916,Karimnagar,Medicines,2,3479.04,521.86,0.13
ORD00917,2026-05-28,Customer_00917,Karimnagar,Wellness,3,3720.16,595.23,0.14
ORD00918,2026-05-04,Customer_00918,Karimnagar,Personal Care,4,3961.28,316.9,0.15
ORD00919,2026-05-08,Customer_00919,Karimnagar,Devices,5,3616.82,325.51,0.16
ORD00920,2026-05-12,Customer_00920,Karimnagar,Medicines,1,3857.94,385.79,0.17
ORD00921,2026-05-16,Customer_00921,Karimnagar,Wellness,2,3513.48,386.48,0.18
ORD00922,2026-05-20,Customer_00922,Karimnagar,Personal Care,3,3754.6,450.55,0.19
ORD00923,2026-05-24,Customer_00923,Karimnagar,Devices,4,3995.72,519.44,0.2
ORD00924,2026-05-28,Customer_00924,Karimnagar,Medicines,5,3651.26,511.18,0.0
ORD00925,2026-05-04,Customer_00925,Karimnagar,Wellness,1,3892.39,583.86,0.01
ORD00926,2026-05-08,Customer_00926,Karimnagar,Personal Care,2,3547.93,567.67,0.02
ORD00927,2026-05-12,Customer_00927,Karimnagar,Devices,3,3789.05,303.12,0.03
ORD00928,2026-05-16,Customer_00928,Karimnagar,Medicines,4,3444.59,310.01,0.04
ORD00929,2026-05-20,Customer_00929,Karimnagar,Wellness,5,3685.71,368.57,0.05
ORD00930,2026-05-24,Customer_00930,Karimnagar,Personal Care,1,3926.83,431.95,0.06
ORD00931,2026-05-28,Customer_00931,Karimnagar,Devices,2,3582.37,429.88,0.07
ORD00932,2026-05-04,Customer_00932,Karimnagar,Medicines,3,3823.49,497.05,0.08
ORD00933,2026-05-08,Customer_00933,Karimnagar,Wellness,4,3479.04,487.07,0.09
ORD00934,2026-05-12,Customer_00934,Karimnagar,Personal Care,5,3720.16,558.02,0.1
ORD00935,2026-05-16,Customer_00935,Karimnagar,Devices,1,3961.28,633.8,0.11
ORD00936,2026-05-20,Customer_00936,Karimnagar,Medicines,2,3616.84,289.35,0.12
ORD00937,2026-05-14,Customer_00937,Nizamabad,Wellness,3,3212.88,289.16,0.13
ORD00938,2026-05-18,Customer_00938,Nizamabad,Personal Care,4,3425.06,342.51,0.14
ORD00939,2026-05-22,Customer_00939,Nizamabad,Devices,5,3121.95,343.41,0.15
ORD00940,2026-05-26,Customer_00940,Nizamabad,Medicines,1,3334.13,400.1,0.16
ORD00941,2026-05-02,Customer_00941,Nizamabad,Wellness,2,3031.02,394.03,0.17
ORD00942,2026-05-06,Customer_00942,Nizamabad,Personal Care,3,3243.2,454.05,0.18
ORD00943,2026-05-10,Customer_00943,Nizamabad,Devices,4,3455.37,518.31,0.19
ORD00944,2026-05-14,Customer_00944,Nizamabad,Medicines,5,3152.26,504.36,0.2
ORD00945,2026-05-18,Customer_00945,Nizamabad,Wellness,1,3364.44,269.16,0.0
ORD00946,2026-05-22,Customer_00946,Nizamabad,Personal Care,2,3061.33,275.52,0.01
ORD00947,2026-05-26,Customer_00947,Nizamabad,Devices,3,3273.51,327.35,0.02
ORD00948,2026-05-02,Customer_00948,Nizamabad,Medicines,4,3485.68,383.42,0.03
ORD00949,2026-05-06,Customer_00949,Nizamabad,Wellness,5,3182.57,381.91,0.04
ORD00950,2026-05-10,Customer_00950,Nizamabad,Personal Care,1,3394.75,441.32,0.05
ORD00951,2026-05-14,Customer_00951,Nizamabad,Devices,2,3091.64,432.83,0.06
ORD00952,2026-05-18,Customer_00952,Nizamabad,Medicines,3,3303.82,495.57,0.07
ORD00953,2026-05-22,Customer_00953,Nizamabad,Wellness,4,3515.99,562.56,0.08
ORD00954,2026-05-26,Customer_00954,Nizamabad,Personal Care,5,3212.88,257.03,0.09
ORD00955,2026-05-02,Customer_00955,Nizamabad,Devices,1,3425.06,308.26,0.1
ORD00956,2026-05-06,Customer_00956,Nizamabad,Medicines,2,3121.95,312.19,0.11
ORD00957,2026-05-10,Customer_00957,Nizamabad,Wellness,3,3334.13,366.75,0.12
ORD00958,2026-05-14,Customer_00958,Nizamabad,Personal Care,4,3031.02,363.72,0.13
ORD00959,2026-05-18,Customer_00959,Nizamabad,Devices,5,3243.2,421.62,0.14
ORD00960,2026-05-22,Customer_00960,Nizamabad,Medicines,1,3455.37,483.75,0.15
ORD00961,2026-05-26,Customer_00961,Nizamabad,Wellness,2,3152.26,472.84,0.16
ORD00962,2026-05-02,Customer_00962,Nizamabad,Personal Care,3,3364.44,538.31,0.17
ORD00963,2026-05-06,Customer_00963,Nizamabad,Devices,4,3061.33,244.91,0.18
ORD00964,2026-05-10,Customer_00964,Nizamabad,Medicines,5,3273.51,294.62,0.19
ORD00965,2026-05-14,Customer_00965,Nizamabad,Wellness,1,3485.68,348.57,0.2
ORD00966,2026-05-18,Customer_00966,Nizamabad,Personal Care,2,3182.57,350.08,0.0
ORD00967,2026-05-22,Customer_00967,Nizamabad,Devices,3,3394.75,407.37,0.01
ORD00968,2026-05-26,Customer_00968,Nizamabad,Medicines,4,3091.64,401.91,0.02
ORD00969,2026-05-02,Customer_00969,Nizamabad,Wellness,5,3303.82,462.53,0.03
ORD00970,2026-05-06,Customer_00970,Nizamabad,Personal Care,1,3515.99,527.4,0.04
ORD00971,2026-05-10,Customer_00971,Nizamabad,Devices,2,3212.88,514.06,0.05
ORD00972,2026-05-14,Customer_00972,Nizamabad,Medicines,3,3425.06,274.0,0.06
ORD00973,2026-05-18,Customer_00973,Nizamabad,Wellness,4,3121.95,280.98,0.07
ORD00974,2026-05-22,Customer_00974,Nizamabad,Personal Care,5,3334.13,333.41,0.08
ORD00975,2026-05-26,Customer_00975,Nizamabad,Devices,1,3031.02,333.41,0.09
ORD00976,2026-05-02,Customer_00976,Nizamabad,Medicines,2,3243.2,389.18,0.1
ORD00977,2026-05-06,Customer_00977,Nizamabad,Wellness,3,3455.37,449.2,0.11
ORD00978,2026-05-10,Customer_00978,Nizamabad,Personal Care,4,3152.26,441.32,0.12
ORD00979,2026-05-14,Customer_00979,Nizamabad,Devices,5,3364.44,504.67,0.13
ORD00980,2026-05-18,Customer_00980,Nizamabad,Medicines,1,3061.33,489.81,0.14
ORD00981,2026-05-22,Customer_00981,Nizamabad,Wellness,2,3273.51,261.88,0.15
ORD00982,2026-05-26,Customer_00982,Nizamabad,Personal Care,3,3485.68,313.71,0.16
ORD00983,2026-05-02,Customer_00983,Nizamabad,Devices,4,3182.57,318.26,0.17
ORD00984,2026-05-06,Customer_00984,Nizamabad,Medicines,5,3394.75,373.42,0.18
ORD00985,2026-05-10,Customer_00985,Nizamabad,Wellness,1,3091.64,371.0,0.19
ORD00986,2026-05-14,Customer_00986,Nizamabad,Personal Care,2,3303.82,429.5,0.2
ORD00987,2026-05-18,Customer_00987,Nizamabad,Devices,3,3515.99,492.24,0.0
ORD00988,2026-05-22,Customer_00988,Nizamabad,Medicines,4,3212.88,481.93,0.01
ORD00989,2026-05-26,Customer_00989,Nizamabad,Wellness,5,3425.06,548.01,0.02
ORD00990,2026-05-02,Customer_00990,Nizamabad,Personal Care,1,3121.95,249.76,0.03
ORD00991,2026-05-06,Customer_00991,Nizamabad,Devices,2,3334.13,300.07,0.04
ORD00992,2026-05-10,Customer_00992,Nizamabad,Medicines,3,3031.02,303.1,0.05
ORD00993,2026-05-14,Customer_00993,Nizamabad,Wellness,4,3243.2,356.75,0.06
ORD00994,2026-05-18,Customer_00994,Nizamabad,Personal Care,5,3455.37,414.64,0.07
ORD00995,2026-05-22,Customer_00995,Nizamabad,Devices,1,3152.26,409.79,0.08
ORD00996,2026-05-26,Customer_00996,Nizamabad,Medicines,2,3364.44,471.02,0.09
ORD00997,2026-05-02,Customer_00997,Nizamabad,Wellness,3,3061.33,459.2,0.1
ORD00998,2026-05-06,Customer_00998,Nizamabad,Personal Care,4,3273.51,523.76,0.11
ORD00999,2026-05-10,Customer_00999,Nizamabad,Devices,5,3485.68,278.85,0.12
ORD01000,2026-05-14,Customer_01000,Nizamabad,Medicines,1,3182.57,286.43,0.13
ORD01001,2026-05-18,Customer_01001,Nizamabad,Wellness,2,3394.75,339.48,0.14
ORD01002,2026-05-22,Customer_01002,Nizamabad,Personal Care,3,3091.64,340.08,0.15
ORD01003,2026-05-26,Customer_01003,Nizamabad,Devices,4,3303.82,396.46,0.16
ORD01004,2026-05-02,Customer_01004,Nizamabad,Medicines,5,3515.99,457.08,0.17
ORD01005,2026-05-06,Customer_01005,Nizamabad,Wellness,1,3212.88,449.8,0.18
ORD01006,2026-05-10,Customer_01006,Nizamabad,Personal Care,2,3425.06,513.76,0.19
ORD01007,2026-05-14,Customer_01007,Nizamabad,Devices,3,3121.95,499.51,0.2
ORD01008,2026-05-18,Customer_01008,Nizamabad,Medicines,4,3334.13,266.73,0.0
ORD01009,2026-05-22,Customer_01009,Nizamabad,Wellness,5,3031.02,272.79,0.01
ORD01010,2026-05-26,Customer_01010,Nizamabad,Personal Care,1,3243.2,324.32,0.02
ORD01011,2026-05-02,Customer_01011,Nizamabad,Devices,2,3455.37,380.09,0.03
ORD01012,2026-05-06,Customer_01012,Nizamabad,Medicines,3,3152.26,378.27,0.04
ORD01013,2026-05-10,Customer_01013,Nizamabad,Wellness,4,3364.44,437.38,0.05
ORD01014,2026-05-14,Customer_01014,Nizamabad,Personal Care,5,3061.29,428.58,0.06
ORD01015,2026-05-08,Customer_01015,Khammam,Devices,1,3087.61,463.14,0.07
ORD01016,2026-05-12,Customer_01016,Khammam,Medicines,2,3299.5,527.92,0.08
ORD01017,2026-05-16,Customer_01017,Khammam,Wellness,3,3511.4,280.91,0.09
ORD01018,2026-05-20,Customer_01018,Khammam,Personal Care,4,3208.69,288.78,0.1
ORD01019,2026-05-24,Customer_01019,Khammam,Devices,5,3420.58,342.06,0.11
ORD01020,2026-05-28,Customer_01020,Khammam,Medicines,1,3117.88,342.97,0.12
ORD01021,2026-05-04,Customer_01021,Khammam,Wellness,2,3329.77,399.57,0.13
ORD01022,2026-05-08,Customer_01022,Khammam,Personal Care,3,3027.07,393.52,0.14
ORD01023,2026-05-12,Customer_01023,Khammam,Devices,4,3238.96,453.45,0.15
ORD01024,2026-05-16,Customer_01024,Khammam,Medicines,5,3450.85,517.63,0.16
ORD01025,2026-05-20,Customer_01025,Khammam,Wellness,1,3148.15,503.7,0.17
ORD01026,2026-05-24,Customer_01026,Khammam,Personal Care,2,3360.04,268.8,0.18
ORD01027,2026-05-28,Customer_01027,Khammam,Devices,3,3057.34,275.16,0.19
ORD01028,2026-05-04,Customer_01028,Khammam,Medicines,4,3269.23,326.92,0.2
ORD01029,2026-05-08,Customer_01029,Khammam,Wellness,5,3481.13,382.92,0.0
ORD01030,2026-05-12,Customer_01030,Khammam,Personal Care,1,3178.42,381.41,0.01
ORD01031,2026-05-16,Customer_01031,Khammam,Devices,2,3390.31,440.74,0.02
ORD01032,2026-05-20,Customer_01032,Khammam,Medicines,3,3087.61,432.27,0.03
ORD01033,2026-05-24,Customer_01033,Khammam,Wellness,4,3299.5,494.93,0.04
ORD01034,2026-05-28,Customer_01034,Khammam,Personal Care,5,3511.4,561.82,0.05
ORD01035,2026-05-04,Customer_01035,Khammam,Devices,1,3208.69,256.7,0.06
ORD01036,2026-05-08,Customer_01036,Khammam,Medicines,2,3420.58,307.85,0.07
ORD01037,2026-05-12,Customer_01037,Khammam,Wellness,3,3117.88,311.79,0.08
ORD01038,2026-05-16,Customer_01038,Khammam,Personal Care,4,3329.77,366.27,0.09
ORD01039,2026-05-20,Customer_01039,Khammam,Devices,5,3027.07,363.25,0.1
ORD01040,2026-05-24,Customer_01040,Khammam,Medicines,1,3238.96,421.06,0.11
ORD01041,2026-05-28,Customer_01041,Khammam,Wellness,2,3450.85,483.12,0.12
ORD01042,2026-05-04,Customer_01042,Khammam,Personal Care,3,3148.15,472.22,0.13
ORD01043,2026-05-08,Customer_01043,Khammam,Devices,4,3360.04,537.61,0.14
ORD01044,2026-05-12,Customer_01044,Khammam,Medicines,5,3057.34,244.59,0.15
ORD01045,2026-05-16,Customer_01045,Khammam,Wellness,1,3269.23,294.23,0.16
ORD01046,2026-05-20,Customer_01046,Khammam,Personal Care,2,3481.13,348.11,0.17
ORD01047,2026-05-24,Customer_01047,Khammam,Devices,3,3178.42,349.63,0.18
ORD01048,2026-05-28,Customer_01048,Khammam,Medicines,4,3390.31,406.84,0.19
ORD01049,2026-05-04,Customer_01049,Khammam,Wellness,5,3087.61,401.39,0.2
ORD01050,2026-05-08,Customer_01050,Khammam,Personal Care,1,3299.5,461.93,0.0
ORD01051,2026-05-12,Customer_01051,Khammam,Devices,2,3511.4,526.71,0.01
ORD01052,2026-05-16,Customer_01052,Khammam,Medicines,3,3208.69,513.39,0.02
ORD01053,2026-05-20,Customer_01053,Khammam,Wellness,4,3420.58,273.65,0.03
ORD01054,2026-05-24,Customer_01054,Khammam,Personal Care,5,3117.88,280.61,0.04
ORD01055,2026-05-28,Customer_01055,Khammam,Devices,1,3329.77,332.98,0.05
ORD01056,2026-05-04,Customer_01056,Khammam,Medicines,2,3027.07,332.98,0.06
ORD01057,2026-05-08,Customer_01057,Khammam,Wellness,3,3238.96,388.68,0.07
ORD01058,2026-05-12,Customer_01058,Khammam,Personal Care,4,3450.85,448.61,0.08
ORD01059,2026-05-16,Customer_01059,Khammam,Devices,5,3148.15,440.74,0.09
ORD01060,2026-05-20,Customer_01060,Khammam,Medicines,1,3360.04,504.01,0.1
ORD01061,2026-05-24,Customer_01061,Khammam,Wellness,2,3057.34,489.17,0.11
ORD01062,2026-05-28,Customer_01062,Khammam,Personal Care,3,3269.23,261.54,0.12
ORD01063,2026-05-04,Customer_01063,Khammam,Devices,4,3481.13,313.3,0.13
ORD01064,2026-05-08,Customer_01064,Khammam,Medicines,5,3178.42,317.84,0.14
ORD01065,2026-05-12,Customer_01065,Khammam,Wellness,1,3390.31,372.93,0.15
ORD01066,2026-05-16,Customer_01066,Khammam,Personal Care,2,3087.61,370.51,0.16
ORD01067,2026-05-20,Customer_01067,Khammam,Devices,3,3299.5,428.94,0.17
ORD01068,2026-05-24,Customer_01068,Khammam,Medicines,4,3511.4,491.6,0.18
ORD01069,2026-05-28,Customer_01069,Khammam,Wellness,5,3208.69,481.3,0.19
ORD01070,2026-05-04,Customer_01070,Khammam,Personal Care,1,3420.58,547.29,0.2
ORD01071,2026-05-08,Customer_01071,Khammam,Devices,2,3117.88,249.43,0.0
ORD01072,2026-05-12,Customer_01072,Khammam,Medicines,3,3329.77,299.68,0.01
ORD01073,2026-05-16,Customer_01073,Khammam,Wellness,4,3027.07,302.71,0.02
ORD01074,2026-05-20,Customer_01074,Khammam,Personal Care,5,3238.96,356.29,0.03
ORD01075,2026-05-24,Customer_01075,Khammam,Devices,1,3450.85,414.1,0.04
ORD01076,2026-05-28,Customer_01076,Khammam,Medicines,2,3148.15,409.26,0.05
ORD01077,2026-05-04,Customer_01077,Khammam,Wellness,3,3360.04,470.41,0.06
ORD01078,2026-05-08,Customer_01078,Khammam,Personal Care,4,3057.34,458.6,0.07
ORD01079,2026-05-12,Customer_01079,Khammam,Devices,5,3269.23,523.08,0.08
ORD01080,2026-05-16,Customer_01080,Khammam,Medicines,1,3481.13,278.49,0.09
ORD01081,2026-05-20,Customer_01081,Khammam,Wellness,2,3178.42,286.06,0.1
ORD01082,2026-05-24,Customer_01082,Khammam,Personal Care,3,3390.31,339.03,0.11
ORD01083,2026-05-28,Customer_01083,Khammam,Devices,4,3087.61,339.64,0.12
ORD01084,2026-05-04,Customer_01084,Khammam,Medicines,5,3299.5,395.94,0.13
ORD01085,2026-05-08,Customer_01085,Khammam,Wellness,1,3511.4,456.48,0.14
ORD01086,2026-05-12,Customer_01086,Khammam,Personal Care,2,3208.69,449.22,0.15
ORD01087,2026-05-16,Customer_01087,Khammam,Devices,3,3420.58,513.09,0.16
ORD01088,2026-05-20,Customer_01088,Khammam,Medicines,4,3117.88,498.86,0.17
ORD01089,2026-05-24,Customer_01089,Khammam,Wellness,5,3329.77,266.38,0.18
ORD01090,2026-05-28,Customer_01090,Khammam,Personal Care,1,3027.07,272.44,0.19
ORD01091,2026-05-04,Customer_01091,Khammam,Devices,2,3238.96,323.9,0.2
ORD01092,2026-05-08,Customer_01092,Khammam,Medicines,3,3450.82,379.59,0.0
ORD01093,2026-05-02,Customer_01093,Vijayawada,Wellness,4,9816.24,1177.95,0.01
ORD01094,2026-05-06,Customer_01094,Vijayawada,Personal Care,5,8962.66,1165.15,0.02
ORD01095,2026-05-10,Customer_01095,Vijayawada,Devices,1,9560.17,1338.42,0.03
ORD01096,2026-05-14,Customer_01096,Vijayawada,Medicines,2,8706.58,1305.99,0.04
ORD01097,2026-05-18,Customer_01097,Vijayawada,Wellness,3,9304.09,1488.65,0.05
ORD01098,2026-05-22,Customer_01098,Vijayawada,Personal Care,4,9901.6,792.13,0.06
ORD01099,2026-05-26,Customer_01099,Vijayawada,Devices,5,9048.01,814.32,0.07
ORD01100,2026-05-02,Customer_01100,Vijayawada,Medicines,1,9645.52,964.55,0.08
ORD01101,2026-05-06,Customer_01101,Vijayawada,Wellness,2,8791.94,967.11,0.09
ORD01102,2026-05-10,Customer_01102,Vijayawada,Personal Care,3,9389.45,1126.73,0.1
ORD01103,2026-05-14,Customer_01103,Vijayawada,Devices,4,8535.86,1109.66,0.11
ORD01104,2026-05-18,Customer_01104,Vijayawada,Medicines,5,9133.37,1278.67,0.12
ORD01105,2026-05-22,Customer_01105,Vijayawada,Wellness,1,9730.88,1459.63,0.13
ORD01106,2026-05-26,Customer_01106,Vijayawada,Personal Care,2,8877.3,1420.37,0.14
ORD01107,2026-05-02,Customer_01107,Vijayawada,Devices,3,9474.81,757.98,0.15
ORD01108,2026-05-06,Customer_01108,Vijayawada,Medicines,4,8621.22,775.91,0.16
ORD01109,2026-05-10,Customer_01109,Vijayawada,Wellness,5,9218.73,921.87,0.17
ORD01110,2026-05-14,Customer_01110,Vijayawada,Personal Care,1,9816.24,1079.79,0.18
ORD01111,2026-05-18,Customer_01111,Vijayawada,Devices,2,8962.66,1075.52,0.19
ORD01112,2026-05-22,Customer_01112,Vijayawada,Medicines,3,9560.17,1242.82,0.2
ORD01113,2026-05-26,Customer_01113,Vijayawada,Wellness,4,8706.58,1218.92,0.0
ORD01114,2026-05-02,Customer_01114,Vijayawada,Personal Care,5,9304.09,1395.61,0.01
ORD01115,2026-05-06,Customer_01115,Vijayawada,Devices,1,9901.6,1584.26,0.02
ORD01116,2026-05-10,Customer_01116,Vijayawada,Medicines,2,9048.01,723.84,0.03
ORD01117,2026-05-14,Customer_01117,Vijayawada,Wellness,3,9645.52,868.1,0.04
ORD01118,2026-05-18,Customer_01118,Vijayawada,Personal Care,4,8791.94,879.19,0.05
ORD01119,2026-05-22,Customer_01119,Vijayawada,Devices,5,9389.45,1032.84,0.06
ORD01120,2026-05-26,Customer_01120,Vijayawada,Medicines,1,8535.86,1024.3,0.07
ORD01121,2026-05-02,Customer_01121,Vijayawada,Wellness,2,9133.37,1187.34,0.08
ORD01122,2026-05-06,Customer_01122,Vijayawada,Personal Care,3,9730.88,1362.32,0.09
ORD01123,2026-05-10,Customer_01123,Vijayawada,Devices,4,8877.3,1331.6,0.1
ORD01124,2026-05-14,Customer_01124,Vijayawada,Medicines,5,9474.81,1515.97,0.11
ORD01125,2026-05-18,Customer_01125,Vijayawada,Wellness,1,8621.22,689.7,0.12
ORD01126,2026-05-22,Customer_01126,Vijayawada,Personal Care,2,9218.73,829.69,0.13
ORD01127,2026-05-26,Customer_01127,Vijayawada,Devices,3,9816.24,981.62,0.14
ORD01128,2026-05-02,Customer_01128,Vijayawada,Medicines,4,8962.66,985.89,0.15
ORD01129,2026-05-06,Customer_01129,Vijayawada,Wellness,5,9560.17,1147.22,0.16
ORD01130,2026-05-10,Customer_01130,Vijayawada,Personal Care,1,8706.58,1131.86,0.17
ORD01131,2026-05-14,Customer_01131,Vijayawada,Devices,2,9304.09,1302.57,0.18
ORD01132,2026-05-18,Customer_01132,Vijayawada,Medicines,3,9901.6,1485.24,0.19
ORD01133,2026-05-22,Customer_01133,Vijayawada,Wellness,4,9048.01,1447.68,0.2
ORD01134,2026-05-26,Customer_01134,Vijayawada,Personal Care,5,9645.52,771.64,0.0
ORD01135,2026-05-02,Customer_01135,Vijayawada,Devices,1,8791.94,791.27,0.01
ORD01136,2026-05-06,Customer_01136,Vijayawada,Medicines,2,9389.45,938.95,0.02
ORD01137,2026-05-10,Customer_01137,Vijayawada,Wellness,3,8535.86,938.94,0.03
ORD01138,2026-05-14,Customer_01138,Vijayawada,Personal Care,4,9133.37,1096.0,0.04
ORD01139,2026-05-18,Customer_01139,Vijayawada,Devices,5,9730.88,1265.01,0.05
ORD01140,2026-05-22,Customer_01140,Vijayawada,Medicines,1,8877.3,1242.82,0.06
ORD01141,2026-05-26,Customer_01141,Vijayawada,Wellness,2,9474.81,1421.22,0.07
ORD01142,2026-05-02,Customer_01142,Vijayawada,Personal Care,3,8621.22,1379.4,0.08
ORD01143,2026-05-06,Customer_01143,Vijayawada,Devices,4,9218.73,737.5,0.09
ORD01144,2026-05-10,Customer_01144,Vijayawada,Medicines,5,9816.24,883.46,0.1
ORD01145,2026-05-14,Customer_01145,Vijayawada,Wellness,1,8962.66,896.27,0.11
ORD01146,2026-05-18,Customer_01146,Vijayawada,Personal Care,2,9560.17,1051.62,0.12
ORD01147,2026-05-22,Customer_01147,Vijayawada,Devices,3,8706.58,1044.79,0.13
ORD01148,2026-05-26,Customer_01148,Vijayawada,Medicines,4,9304.09,1209.53,0.14
ORD01149,2026-05-02,Customer_01149,Vijayawada,Wellness,5,9901.6,1386.22,0.15
ORD01150,2026-05-06,Customer_01150,Vijayawada,Personal Care,1,9048.01,1357.2,0.16
ORD01151,2026-05-10,Customer_01151,Vijayawada,Devices,2,9645.52,1543.28,0.17
ORD01152,2026-05-14,Customer_01152,Vijayawada,Medicines,3,8791.94,703.36,0.18
ORD01153,2026-05-18,Customer_01153,Vijayawada,Wellness,4,9389.45,845.05,0.19
ORD01154,2026-05-22,Customer_01154,Vijayawada,Personal Care,5,8535.86,853.59,0.2
ORD01155,2026-05-26,Customer_01155,Vijayawada,Devices,1,9133.37,1004.67,0.0
ORD01156,2026-05-02,Customer_01156,Vijayawada,Medicines,2,9730.88,1167.71,0.01
ORD01157,2026-05-06,Customer_01157,Vijayawada,Wellness,3,8877.3,1154.05,0.02
ORD01158,2026-05-10,Customer_01158,Vijayawada,Personal Care,4,9474.81,1326.47,0.03
ORD01159,2026-05-14,Customer_01159,Vijayawada,Devices,5,8621.22,1293.18,0.04
ORD01160,2026-05-18,Customer_01160,Vijayawada,Medicines,1,9218.73,1475.0,0.05
ORD01161,2026-05-22,Customer_01161,Vijayawada,Wellness,2,9816.24,785.3,0.06
ORD01162,2026-05-26,Customer_01162,Vijayawada,Personal Care,3,8962.66,806.64,0.07
ORD01163,2026-05-02,Customer_01163,Vijayawada,Devices,4,9560.17,956.02,0.08
ORD01164,2026-05-06,Customer_01164,Vijayawada,Medicines,5,8706.58,957.72,0.09
ORD01165,2026-05-10,Customer_01165,Vijayawada,Wellness,1,9304.09,1116.49,0.1
ORD01166,2026-05-14,Customer_01166,Vijayawada,Personal Care,2,9901.6,1287.21,0.11
ORD01167,2026-05-18,Customer_01167,Vijayawada,Devices,3,9048.01,1266.72,0.12
ORD01168,2026-05-22,Customer_01168,Vijayawada,Medicines,4,9645.52,1446.83,0.13
ORD01169,2026-05-26,Customer_01169,Vijayawada,Wellness,5,8791.94,1406.71,0.14
ORD01170,2026-05-02,Customer_01170,Vijayawada,Personal Care,1,9389.47,751.16,0.15
ORD01171,2026-05-24,Customer_01171,Visakhapatnam,Devices,2,10403.37,936.3,0.16
ORD01172,2026-05-28,Customer_01172,Visakhapatnam,Medicines,3,9466.13,946.61,0.17
ORD01173,2026-05-04,Customer_01173,Visakhapatnam,Wellness,4,10122.2,1113.44,0.18
ORD01174,2026-05-08,Customer_01174,Visakhapatnam,Personal Care,5,10778.27,1293.39,0.19
ORD01175,2026-05-12,Customer_01175,Visakhapatnam,Devices,1,9841.03,1279.33,0.2
ORD01176,2026-05-16,Customer_01176,Visakhapatnam,Medicines,2,10497.09,1469.59,0.0
ORD01177,2026-05-20,Customer_01177,Visakhapatnam,Wellness,3,9559.85,1433.98,0.01
ORD01178,2026-05-24,Customer_01178,Visakhapatnam,Personal Care,4,10215.92,1634.55,0.02
ORD01179,2026-05-28,Customer_01179,Visakhapatnam,Devices,5,10871.99,869.76,0.03
ORD01180,2026-05-04,Customer_01180,Visakhapatnam,Medicines,1,9934.75,894.13,0.04
ORD01181,2026-05-08,Customer_01181,Visakhapatnam,Wellness,2,10590.82,1059.08,0.05
ORD01182,2026-05-12,Customer_01182,Visakhapatnam,Personal Care,3,9653.58,1061.89,0.06
ORD01183,2026-05-16,Customer_01183,Visakhapatnam,Devices,4,10309.65,1237.16,0.07
ORD01184,2026-05-20,Customer_01184,Visakhapatnam,Medicines,5,9372.4,1218.41,0.08
ORD01185,2026-05-24,Customer_01185,Visakhapatnam,Wellness,1,10028.47,1403.99,0.09
ORD01186,2026-05-28,Customer_01186,Visakhapatnam,Personal Care,2,10684.54,1602.68,0.1
ORD01187,2026-05-04,Customer_01187,Visakhapatnam,Devices,3,9747.3,1559.57,0.11
ORD01188,2026-05-08,Customer_01188,Visakhapatnam,Medicines,4,10403.37,832.27,0.12
ORD01189,2026-05-12,Customer_01189,Visakhapatnam,Wellness,5,9466.13,851.95,0.13
ORD01190,2026-05-16,Customer_01190,Visakhapatnam,Personal Care,1,10122.2,1012.22,0.14
ORD01191,2026-05-20,Customer_01191,Visakhapatnam,Devices,2,10778.27,1185.61,0.15
ORD01192,2026-05-24,Customer_01192,Visakhapatnam,Medicines,3,9841.03,1180.92,0.16
ORD01193,2026-05-28,Customer_01193,Visakhapatnam,Wellness,4,10497.09,1364.62,0.17
ORD01194,2026-05-04,Customer_01194,Visakhapatnam,Personal Care,5,9559.85,1338.38,0.18
ORD01195,2026-05-08,Customer_01195,Visakhapatnam,Devices,1,10215.92,1532.39,0.19
ORD01196,2026-05-12,Customer_01196,Visakhapatnam,Medicines,2,10871.99,1739.52,0.2
ORD01197,2026-05-16,Customer_01197,Visakhapatnam,Wellness,3,9934.75,794.78,0.0
ORD01198,2026-05-20,Customer_01198,Visakhapatnam,Personal Care,4,10590.82,953.17,0.01
ORD01199,2026-05-24,Customer_01199,Visakhapatnam,Devices,5,9653.58,965.36,0.02
ORD01200,2026-05-28,Customer_01200,Visakhapatnam,Medicines,1,10309.65,1134.06,0.03
ORD01201,2026-05-04,Customer_01201,Visakhapatnam,Wellness,2,9372.4,1124.69,0.04
ORD01202,2026-05-08,Customer_01202,Visakhapatnam,Personal Care,3,10028.47,1303.7,0.05
ORD01203,2026-05-12,Customer_01203,Visakhapatnam,Devices,4,10684.54,1495.84,0.06
ORD01204,2026-05-16,Customer_01204,Visakhapatnam,Medicines,5,9747.3,1462.1,0.07
ORD01205,2026-05-20,Customer_01205,Visakhapatnam,Wellness,1,10403.37,1664.54,0.08
ORD01206,2026-05-24,Customer_01206,Visakhapatnam,Personal Care,2,9466.13,757.29,0.09
ORD01207,2026-05-28,Customer_01207,Visakhapatnam,Devices,3,10122.2,911.0,0.1
ORD01208,2026-05-04,Customer_01208,Visakhapatnam,Medicines,4,10778.27,1077.83,0.11
ORD01209,2026-05-08,Customer_01209,Visakhapatnam,Wellness,5,9841.03,1082.51,0.12
ORD01210,2026-05-12,Customer_01210,Visakhapatnam,Personal Care,1,10497.09,1259.65,0.13
ORD01211,2026-05-16,Customer_01211,Visakhapatnam,Devices,2,9559.85,1242.78,0.14
ORD01212,2026-05-20,Customer_01212,Visakhapatnam,Medicines,3,10215.92,1430.23,0.15
ORD01213,2026-05-24,Customer_01213,Visakhapatnam,Wellness,4,10871.99,1630.8,0.16
ORD01214,2026-05-28,Customer_01214,Visakhapatnam,Personal Care,5,9934.75,1589.56,0.17
ORD01215,2026-05-04,Customer_01215,Visakhapatnam,Devices,1,10590.82,847.27,0.18
ORD01216,2026-05-08,Customer_01216,Visakhapatnam,Medicines,2,9653.58,868.82,0.19
ORD01217,2026-05-12,Customer_01217,Visakhapatnam,Wellness,3,10309.65,1030.96,0.2
ORD01218,2026-05-16,Customer_01218,Visakhapatnam,Personal Care,4,9372.4,1030.96,0.0
ORD01219,2026-05-20,Customer_01219,Visakhapatnam,Devices,5,10028.47,1203.42,0.01
ORD01220,2026-05-24,Customer_01220,Visakhapatnam,Medicines,1,10684.54,1388.99,0.02
ORD01221,2026-05-28,Customer_01221,Visakhapatnam,Wellness,2,9747.3,1364.62,0.03
ORD01222,2026-05-04,Customer_01222,Visakhapatnam,Personal Care,3,10403.37,1560.51,0.04
ORD01223,2026-05-08,Customer_01223,Visakhapatnam,Devices,4,9466.13,1514.58,0.05
ORD01224,2026-05-12,Customer_01224,Visakhapatnam,Medicines,5,10122.2,809.78,0.06
ORD01225,2026-05-16,Customer_01225,Visakhapatnam,Wellness,1,10778.27,970.04,0.07
ORD01226,2026-05-20,Customer_01226,Visakhapatnam,Personal Care,2,9841.03,984.1,0.08
ORD01227,2026-05-24,Customer_01227,Visakhapatnam,Devices,3,10497.09,1154.68,0.09
ORD01228,2026-05-28,Customer_01228,Visakhapatnam,Medicines,4,9559.85,1147.18,0.1
ORD01229,2026-05-04,Customer_01229,Visakhapatnam,Wellness,5,10215.92,1328.07,0.11
ORD01230,2026-05-08,Customer_01230,Visakhapatnam,Personal Care,1,10871.99,1522.08,0.12
ORD01231,2026-05-12,Customer_01231,Visakhapatnam,Devices,2,9934.75,1490.21,0.13
ORD01232,2026-05-16,Customer_01232,Visakhapatnam,Medicines,3,10590.82,1694.53,0.14
ORD01233,2026-05-20,Customer_01233,Visakhapatnam,Wellness,4,9653.58,772.29,0.15
ORD01234,2026-05-24,Customer_01234,Visakhapatnam,Personal Care,5,10309.65,927.87,0.16
ORD01235,2026-05-28,Customer_01235,Visakhapatnam,Devices,1,9372.4,937.24,0.17
ORD01236,2026-05-04,Customer_01236,Visakhapatnam,Medicines,2,10028.47,1103.13,0.18
ORD01237,2026-05-08,Customer_01237,Visakhapatnam,Wellness,3,10684.54,1282.14,0.19
ORD01238,2026-05-12,Customer_01238,Visakhapatnam,Personal Care,4,9747.3,1267.15,0.2
ORD01239,2026-05-16,Customer_01239,Visakhapatnam,Devices,5,10403.37,1456.47,0.0
ORD01240,2026-05-20,Customer_01240,Visakhapatnam,Medicines,1,9466.13,1419.92,0.01
ORD01241,2026-05-24,Customer_01241,Visakhapatnam,Wellness,2,10122.2,1619.55,0.02
ORD01242,2026-05-28,Customer_01242,Visakhapatnam,Personal Care,3,10778.27,862.26,0.03
ORD01243,2026-05-04,Customer_01243,Visakhapatnam,Devices,4,9841.03,885.69,0.04
ORD01244,2026-05-08,Customer_01244,Visakhapatnam,Medicines,5,10497.09,1049.71,0.05
ORD01245,2026-05-12,Customer_01245,Visakhapatnam,Wellness,1,9559.85,1051.58,0.06
ORD01246,2026-05-16,Customer_01246,Visakhapatnam,Personal Care,2,10215.92,1225.91,0.07
ORD01247,2026-05-20,Customer_01247,Visakhapatnam,Devices,3,10871.99,1413.36,0.08
ORD01248,2026-05-24,Customer_01248,Visakhapatnam,Medicines,4,9934.71,1390.86,0.09
ORD01249,2026-05-18,Customer_01249,Guntur,Wellness,5,2975.88,446.38,0.1
ORD01250,2026-05-22,Customer_01250,Guntur,Personal Care,1,3170.57,507.29,0.11
ORD01251,2026-05-26,Customer_01251,Guntur,Devices,2,2892.45,231.4,0.12
ORD01252,2026-05-02,Customer_01252,Guntur,Medicines,3,3087.13,277.84,0.13
ORD01253,2026-05-06,Customer_01253,Guntur,Wellness,4,2809.01,280.9,0.14
ORD01254,2026-05-10,Customer_01254,Guntur,Personal Care,5,3003.7,330.41,0.15
ORD01255,2026-05-14,Customer_01255,Guntur,Devices,1,3198.38,383.81,0.16
ORD01256,2026-05-18,Customer_01256,Guntur,Medicines,2,2920.26,379.63,0.17
ORD01257,2026-05-22,Customer_01257,Guntur,Wellness,3,3114.94,436.09,0.18
ORD01258,2026-05-26,Customer_01258,Guntur,Personal Care,4,2836.82,425.52,0.19
ORD01259,2026-05-02,Customer_01259,Guntur,Devices,5,3031.51,485.04,0.2
ORD01260,2026-05-06,Customer_01260,Guntur,Medicines,1,3226.19,258.1,0.0
ORD01261,2026-05-10,Customer_01261,Guntur,Wellness,2,2948.07,265.33,0.01
ORD01262,2026-05-14,Customer_01262,Guntur,Personal Care,3,3142.76,314.28,0.02
ORD01263,2026-05-18,Customer_01263,Guntur,Devices,4,2864.64,315.11,0.03
ORD01264,2026-05-22,Customer_01264,Guntur,Medicines,5,3059.32,367.12,0.04
ORD01265,2026-05-26,Customer_01265,Guntur,Wellness,1,2781.2,361.56,0.05
ORD01266,2026-05-02,Customer_01266,Guntur,Personal Care,2,2975.88,416.62,0.06
ORD01267,2026-05-06,Customer_01267,Guntur,Devices,3,3170.57,475.59,0.07
ORD01268,2026-05-10,Customer_01268,Guntur,Medicines,4,2892.45,462.79,0.08
ORD01269,2026-05-14,Customer_01269,Guntur,Wellness,5,3087.13,246.97,0.09
ORD01270,2026-05-18,Customer_01270,Guntur,Personal Care,1,2809.01,252.81,0.1
ORD01271,2026-05-22,Customer_01271,Guntur,Devices,2,3003.7,300.37,0.11
ORD01272,2026-05-26,Customer_01272,Guntur,Medicines,3,3198.38,351.82,0.12
ORD01273,2026-05-02,Customer_01273,Guntur,Wellness,4,2920.26,350.43,0.13
ORD01274,2026-05-06,Customer_01274,Guntur,Personal Care,5,3114.94,404.94,0.14
ORD01275,2026-05-10,Customer_01275,Guntur,Devices,1,2836.82,397.15,0.15
ORD01276,2026-05-14,Customer_01276,Guntur,Medicines,2,3031.51,454.73,0.16
ORD01277,2026-05-18,Customer_01277,Guntur,Wellness,3,3226.19,516.19,0.17
ORD01278,2026-05-22,Customer_01278,Guntur,Personal Care,4,2948.07,235.85,0.18
ORD01279,2026-05-26,Customer_01279,Guntur,Devices,5,3142.76,282.85,0.19
ORD01280,2026-05-02,Customer_01280,Guntur,Medicines,1,2864.64,286.46,0.2
ORD01281,2026-05-06,Customer_01281,Guntur,Wellness,2,3059.32,336.53,0.0
ORD01282,2026-05-10,Customer_01282,Guntur,Personal Care,3,2781.2,333.74,0.01
ORD01283,2026-05-14,Customer_01283,Guntur,Devices,4,2975.88,386.86,0.02
ORD01284,2026-05-18,Customer_01284,Guntur,Medicines,5,3170.57,443.88,0.03
ORD01285,2026-05-22,Customer_01285,Guntur,Wellness,1,2892.45,433.87,0.04
ORD01286,2026-05-26,Customer_01286,Guntur,Personal Care,2,3087.13,493.94,0.05
ORD01287,2026-05-02,Customer_01287,Guntur,Devices,3,2809.01,224.72,0.06
ORD01288,2026-05-06,Customer_01288,Guntur,Medicines,4,3003.7,270.33,0.07
ORD01289,2026-05-10,Customer_01289,Guntur,Wellness,5,3198.38,319.84,0.08
ORD01290,2026-05-14,Customer_01290,Guntur,Personal Care,1,2920.26,321.23,0.09
ORD01291,2026-05-18,Customer_01291,Guntur,Devices,2,3114.94,373.79,0.1
ORD01292,2026-05-22,Customer_01292,Guntur,Medicines,3,2836.82,368.79,0.11
ORD01293,2026-05-26,Customer_01293,Guntur,Wellness,4,3031.51,424.41,0.12
ORD01294,2026-05-02,Customer_01294,Guntur,Personal Care,5,3226.19,483.93,0.13
ORD01295,2026-05-06,Customer_01295,Guntur,Devices,1,2948.07,471.69,0.14
ORD01296,2026-05-10,Customer_01296,Guntur,Medicines,2,3142.76,251.42,0.15
ORD01297,2026-05-14,Customer_01297,Guntur,Wellness,3,2864.64,257.82,0.16
ORD01298,2026-05-18,Customer_01298,Guntur,Personal Care,4,3059.32,305.93,0.17
ORD01299,2026-05-22,Customer_01299,Guntur,Devices,5,2781.2,305.93,0.18
ORD01300,2026-05-26,Customer_01300,Guntur,Medicines,1,2975.88,357.11,0.19
ORD01301,2026-05-02,Customer_01301,Guntur,Wellness,2,3170.57,412.17,0.2
ORD01302,2026-05-06,Customer_01302,Guntur,Personal Care,3,2892.45,404.94,0.0
ORD01303,2026-05-10,Customer_01303,Guntur,Devices,4,3087.13,463.07,0.01
ORD01304,2026-05-14,Customer_01304,Guntur,Medicines,5,2809.01,449.44,0.02
ORD01305,2026-05-18,Customer_01305,Guntur,Wellness,1,3003.7,240.3,0.03
ORD01306,2026-05-22,Customer_01306,Guntur,Personal Care,2,3198.38,287.85,0.04
ORD01307,2026-05-26,Customer_01307,Guntur,Devices,3,2920.26,292.03,0.05
ORD01308,2026-05-02,Customer_01308,Guntur,Medicines,4,3114.94,342.64,0.06
ORD01309,2026-05-06,Customer_01309,Guntur,Wellness,5,2836.82,340.42,0.07
ORD01310,2026-05-10,Customer_01310,Guntur,Personal Care,1,3031.51,394.1,0.08
ORD01311,2026-05-14,Customer_01311,Guntur,Devices,2,3226.19,451.67,0.09
ORD01312,2026-05-18,Customer_01312,Guntur,Medicines,3,2948.07,442.21,0.1
ORD01313,2026-05-22,Customer_01313,Guntur,Wellness,4,3142.76,502.84,0.11
ORD01314,2026-05-26,Customer_01314,Guntur,Personal Care,5,2864.64,229.17,0.12
ORD01315,2026-05-02,Customer_01315,Guntur,Devices,1,3059.32,275.34,0.13
ORD01316,2026-05-06,Customer_01316,Guntur,Medicines,2,2781.2,278.12,0.14
ORD01317,2026-05-10,Customer_01317,Guntur,Wellness,3,2975.88,327.35,0.15
ORD01318,2026-05-14,Customer_01318,Guntur,Personal Care,4,3170.57,380.47,0.16
ORD01319,2026-05-18,Customer_01319,Guntur,Devices,5,2892.45,376.02,0.17
ORD01320,2026-05-22,Customer_01320,Guntur,Medicines,1,3087.13,432.2,0.18
ORD01321,2026-05-26,Customer_01321,Guntur,Wellness,2,2809.01,421.35,0.19
ORD01322,2026-05-02,Customer_01322,Guntur,Personal Care,3,3003.64,480.58,0.2
ORD01323,2026-05-08,Customer_01323,Tirupati,Devices,4,5250.8,420.06,0.0
ORD01324,2026-05-12,Customer_01324,Tirupati,Medicines,5,5591.13,503.2,0.01
ORD01325,2026-05-16,Customer_01325,Tirupati,Wellness,1,5104.94,510.49,0.02
ORD01326,2026-05-20,Customer_01326,Tirupati,Personal Care,2,5445.27,598.98,0.03
ORD01327,2026-05-24,Customer_01327,Tirupati,Devices,3,4959.09,595.09,0.04
ORD01328,2026-05-28,Customer_01328,Tirupati,Medicines,4,5299.42,688.92,0.05
ORD01329,2026-05-04,Customer_01329,Tirupati,Wellness,5,5639.75,789.57,0.06
ORD01330,2026-05-08,Customer_01330,Tirupati,Personal Care,1,5153.56,773.03,0.07
ORD01331,2026-05-12,Customer_01331,Tirupati,Devices,2,5493.89,879.02,0.08
ORD01332,2026-05-16,Customer_01332,Tirupati,Medicines,3,5007.71,400.62,0.09
ORD01333,2026-05-20,Customer_01333,Tirupati,Wellness,4,5348.04,481.32,0.1
ORD01334,2026-05-24,Customer_01334,Tirupati,Personal Care,5,4861.85,486.19,0.11
ORD01335,2026-05-28,Customer_01335,Tirupati,Devices,1,5202.18,572.24,0.12
ORD01336,2026-05-04,Customer_01336,Tirupati,Medicines,2,5542.51,665.1,0.13
ORD01337,2026-05-08,Customer_01337,Tirupati,Wellness,3,5056.33,657.32,0.14
ORD01338,2026-05-12,Customer_01338,Tirupati,Personal Care,4,5396.66,755.53,0.15
ORD01339,2026-05-16,Customer_01339,Tirupati,Devices,5,4910.47,736.57,0.16
ORD01340,2026-05-20,Customer_01340,Tirupati,Medicines,1,5250.8,840.13,0.17
ORD01341,2026-05-24,Customer_01341,Tirupati,Wellness,2,5591.13,447.29,0.18
ORD01342,2026-05-28,Customer_01342,Tirupati,Personal Care,3,5104.94,459.44,0.19
ORD01343,2026-05-04,Customer_01343,Tirupati,Devices,4,5445.27,544.53,0.2
ORD01344,2026-05-08,Customer_01344,Tirupati,Medicines,5,4959.09,545.5,0.0
ORD01345,2026-05-12,Customer_01345,Tirupati,Wellness,1,5299.42,635.93,0.01
ORD01346,2026-05-16,Customer_01346,Tirupati,Personal Care,2,5639.75,733.17,0.02
ORD01347,2026-05-20,Customer_01347,Tirupati,Devices,3,5153.56,721.5,0.03
ORD01348,2026-05-24,Customer_01348,Tirupati,Medicines,4,5493.89,824.08,0.04
ORD01349,2026-05-28,Customer_01349,Tirupati,Wellness,5,5007.71,801.23,0.05
ORD01350,2026-05-04,Customer_01350,Tirupati,Personal Care,1,5348.04,427.84,0.06
ORD01351,2026-05-08,Customer_01351,Tirupati,Devices,2,4861.85,437.57,0.07
ORD01352,2026-05-12,Customer_01352,Tirupati,Medicines,3,5202.18,520.22,0.08
ORD01353,2026-05-16,Customer_01353,Tirupati,Wellness,4,5542.51,609.68,0.09
ORD01354,2026-05-20,Customer_01354,Tirupati,Personal Care,5,5056.33,606.76,0.1
ORD01355,2026-05-24,Customer_01355,Tirupati,Devices,1,5396.66,701.57,0.11
ORD01356,2026-05-28,Customer_01356,Tirupati,Medicines,2,4910.47,687.47,0.12
ORD01357,2026-05-04,Customer_01357,Tirupati,Wellness,3,5250.8,787.62,0.13
ORD01358,2026-05-08,Customer_01358,Tirupati,Personal Care,4,5591.13,894.58,0.14
ORD01359,2026-05-12,Customer_01359,Tirupati,Devices,5,5104.94,408.4,0.15
ORD01360,2026-05-16,Customer_01360,Tirupati,Medicines,1,5445.27,490.07,0.16
ORD01361,2026-05-20,Customer_01361,Tirupati,Wellness,2,4959.09,495.91,0.17
ORD01362,2026-05-24,Customer_01362,Tirupati,Personal Care,3,5299.42,582.94,0.18
ORD01363,2026-05-28,Customer_01363,Tirupati,Devices,4,5639.75,676.77,0.19
ORD01364,2026-05-04,Customer_01364,Tirupati,Medicines,5,5153.56,669.96,0.2
ORD01365,2026-05-08,Customer_01365,Tirupati,Wellness,1,5493.89,769.14,0.0
ORD01366,2026-05-12,Customer_01366,Tirupati,Personal Care,2,5007.71,751.16,0.01
ORD01367,2026-05-16,Customer_01367,Tirupati,Devices,3,5348.04,855.69,0.02
ORD01368,2026-05-20,Customer_01368,Tirupati,Medicines,4,4861.85,388.95,0.03
ORD01369,2026-05-24,Customer_01369,Tirupati,Wellness,5,5202.18,468.2,0.04
ORD01370,2026-05-28,Customer_01370,Tirupati,Personal Care,1,5542.51,554.25,0.05
ORD01371,2026-05-04,Customer_01371,Tirupati,Devices,2,5056.33,556.2,0.06
ORD01372,2026-05-08,Customer_01372,Tirupati,Medicines,3,5396.66,647.6,0.07
ORD01373,2026-05-12,Customer_01373,Tirupati,Wellness,4,4910.47,638.36,0.08
ORD01374,2026-05-16,Customer_01374,Tirupati,Personal Care,5,5250.8,735.11,0.09
ORD01375,2026-05-20,Customer_01375,Tirupati,Devices,1,5591.13,838.67,0.1
ORD01376,2026-05-24,Customer_01376,Tirupati,Medicines,2,5104.94,816.79,0.11
ORD01377,2026-05-28,Customer_01377,Tirupati,Wellness,3,5445.27,435.62,0.12
ORD01378,2026-05-04,Customer_01378,Tirupati,Personal Care,4,4959.09,446.32,0.13
ORD01379,2026-05-08,Customer_01379,Tirupati,Devices,5,5299.42,529.94,0.14
ORD01380,2026-05-12,Customer_01380,Tirupati,Medicines,1,5639.75,620.37,0.15
ORD01381,2026-05-16,Customer_01381,Tirupati,Wellness,2,5153.56,618.43,0.16
ORD01382,2026-05-20,Customer_01382,Tirupati,Personal Care,3,5493.89,714.21,0.17
ORD01383,2026-05-24,Customer_01383,Tirupati,Devices,4,5007.71,701.08,0.18
ORD01384,2026-05-28,Customer_01384,Tirupati,Medicines,5,5348.04,802.21,0.19
ORD01385,2026-05-04,Customer_01385,Tirupati,Wellness,1,4861.85,777.9,0.2
ORD01386,2026-05-08,Customer_01386,Tirupati,Personal Care,2,5202.18,416.17,0.0
ORD01387,2026-05-12,Customer_01387,Tirupati,Devices,3,5542.51,498.83,0.01
ORD01388,2026-05-16,Customer_01388,Tirupati,Medicines,4,5056.33,505.63,0.02
ORD01389,2026-05-20,Customer_01389,Tirupati,Wellness,5,5396.66,593.63,0.03
ORD01390,2026-05-24,Customer_01390,Tirupati,Personal Care,1,4910.47,589.26,0.04
ORD01391,2026-05-28,Customer_01391,Tirupati,Devices,2,5250.8,682.6,0.05
ORD01392,2026-05-04,Customer_01392,Tirupati,Medicines,3,5591.13,782.76,0.06
ORD01393,2026-05-08,Customer_01393,Tirupati,Wellness,4,5104.94,765.74,0.07
ORD01394,2026-05-12,Customer_01394,Tirupati,Personal Care,5,5445.27,871.24,0.08
ORD01395,2026-05-16,Customer_01395,Tirupati,Devices,1,4959.09,396.73,0.09
ORD01396,2026-05-20,Customer_01396,Tirupati,Medicines,2,5299.42,476.95,0.1
ORD01397,2026-05-24,Customer_01397,Tirupati,Wellness,3,5639.75,563.98,0.11
ORD01398,2026-05-28,Customer_01398,Tirupati,Personal Care,4,5153.56,566.89,0.12
ORD01399,2026-05-04,Customer_01399,Tirupati,Devices,5,5493.89,659.27,0.13
ORD01400,2026-05-08,Customer_01400,Tirupati,Medicines,1,5007.75,651.01,0.14
ORD01401,2026-06-02,Customer_01401,Hyderabad,Wellness,2,10946.1,1532.45,0.15
ORD01402,2026-06-06,Customer_01402,Hyderabad,Personal Care,3,11682.86,1752.43,0.16
ORD01403,2026-06-10,Customer_01403,Hyderabad,Devices,4,10630.35,1700.86,0.17
ORD01404,2026-06-14,Customer_01404,Hyderabad,Medicines,5,11367.11,909.37,0.18
ORD01405,2026-06-18,Customer_01405,Hyderabad,Wellness,1,12103.86,1089.35,0.19
ORD01406,2026-06-22,Customer_01406,Hyderabad,Personal Care,2,11051.35,1105.13,0.2
ORD01407,2026-06-26,Customer_01407,Hyderabad,Devices,3,11788.11,1296.69,0.0
ORD01408,2026-06-02,Customer_01408,Hyderabad,Medicines,4,10735.6,1288.27,0.01
ORD01409,2026-06-06,Customer_01409,Hyderabad,Wellness,5,11472.36,1491.41,0.02
ORD01410,2026-06-10,Customer_01410,Hyderabad,Personal Care,1,12209.11,1709.28,0.03
ORD01411,2026-06-14,Customer_01411,Hyderabad,Devices,2,11156.6,1673.49,0.04
ORD01412,2026-06-18,Customer_01412,Hyderabad,Medicines,3,11893.36,1902.94,0.05
ORD01413,2026-06-22,Customer_01413,Hyderabad,Wellness,4,10840.85,867.27,0.06
ORD01414,2026-06-26,Customer_01414,Hyderabad,Personal Care,5,11577.61,1041.98,0.07
ORD01415,2026-06-02,Customer_01415,Hyderabad,Devices,1,10525.1,1052.51,0.08
ORD01416,2026-06-06,Customer_01416,Hyderabad,Medicines,2,11261.86,1238.8,0.09
ORD01417,2026-06-10,Customer_01417,Hyderabad,Wellness,3,11998.61,1439.83,0.1
ORD01418,2026-06-14,Customer_01418,Hyderabad,Personal Care,4,10946.1,1422.99,0.11
ORD01419,2026-06-18,Customer_01419,Hyderabad,Devices,5,11682.86,1635.6,0.12
ORD01420,2026-06-22,Customer_01420,Hyderabad,Medicines,1,10630.35,1594.55,0.13
ORD01421,2026-06-26,Customer_01421,Hyderabad,Wellness,2,11367.11,1818.74,0.14
ORD01422,2026-06-02,Customer_01422,Hyderabad,Personal Care,3,12103.86,968.31,0.15
ORD01423,2026-06-06,Customer_01423,Hyderabad,Devices,4,11051.35,994.62,0.16
ORD01424,2026-06-10,Customer_01424,Hyderabad,Medicines,5,11788.11,1178.81,0.17
ORD01425,2026-06-14,Customer_01425,Hyderabad,Wellness,1,10735.6,1180.92,0.18
ORD01426,2026-06-18,Customer_01426,Hyderabad,Personal Care,2,11472.36,1376.68,0.19
ORD01427,2026-06-22,Customer_01427,Hyderabad,Devices,3,12209.11,1587.18,0.2
ORD01428,2026-06-26,Customer_01428,Hyderabad,Medicines,4,11156.6,1561.92,0.0
ORD01429,2026-06-02,Customer_01429,Hyderabad,Wellness,5,11893.36,1784.0,0.01
ORD01430,2026-06-06,Customer_01430,Hyderabad,Personal Care,1,10840.85,1734.54,0.02
ORD01431,2026-06-10,Customer_01431,Hyderabad,Devices,2,11577.61,926.21,0.03
ORD01432,2026-06-14,Customer_01432,Hyderabad,Medicines,3,10525.1,947.26,0.04
ORD01433,2026-06-18,Customer_01433,Hyderabad,Wellness,4,11261.86,1126.19,0.05
ORD01434,2026-06-22,Customer_01434,Hyderabad,Personal Care,5,11998.61,1319.85,0.06
ORD01435,2026-06-26,Customer_01435,Hyderabad,Devices,1,10946.1,1313.53,0.07
ORD01436,2026-06-02,Customer_01436,Hyderabad,Medicines,2,11682.86,1518.77,0.08
ORD01437,2026-06-06,Customer_01437,Hyderabad,Wellness,3,10630.35,1488.25,0.09
ORD01438,2026-06-10,Customer_01438,Hyderabad,Personal Care,4,11367.11,1705.07,0.1
ORD01439,2026-06-14,Customer_01439,Hyderabad,Devices,5,12103.86,1936.62,0.11
ORD01440,2026-06-18,Customer_01440,Hyderabad,Medicines,1,11051.35,884.11,0.12
ORD01441,2026-06-22,Customer_01441,Hyderabad,Wellness,2,11788.11,1060.93,0.13
ORD01442,2026-06-26,Customer_01442,Hyderabad,Personal Care,3,10735.6,1073.56,0.14
ORD01443,2026-06-02,Customer_01443,Hyderabad,Devices,4,11472.36,1261.96,0.15
ORD01444,2026-06-06,Customer_01444,Hyderabad,Medicines,5,12209.11,1465.09,0.16
ORD01445,2026-06-10,Customer_01445,Hyderabad,Wellness,1,11156.6,1450.36,0.17
ORD01446,2026-06-14,Customer_01446,Hyderabad,Personal Care,2,11893.36,1665.07,0.18
ORD01447,2026-06-18,Customer_01447,Hyderabad,Devices,3,10840.85,1626.13,0.19
ORD01448,2026-06-22,Customer_01448,Hyderabad,Medicines,4,11577.61,1852.42,0.2
ORD01449,2026-06-26,Customer_01449,Hyderabad,Wellness,5,10525.1,842.01,0.0
ORD01450,2026-06-02,Customer_01450,Hyderabad,Personal Care,1,11261.86,1013.57,0.01
ORD01451,2026-06-06,Customer_01451,Hyderabad,Devices,2,11998.61,1199.86,0.02
ORD01452,2026-06-10,Customer_01452,Hyderabad,Medicines,3,10946.1,1204.07,0.03
ORD01453,2026-06-14,Customer_01453,Hyderabad,Wellness,4,11682.86,1401.94,0.04
ORD01454,2026-06-18,Customer_01454,Hyderabad,Personal Care,5,10630.35,1381.95,0.05
ORD01455,2026-06-22,Customer_01455,Hyderabad,Devices,1,11367.11,1591.4,0.06
ORD01456,2026-06-26,Customer_01456,Hyderabad,Medicines,2,12103.86,1815.58,0.07
ORD01457,2026-06-02,Customer_01457,Hyderabad,Wellness,3,11051.35,1768.22,0.08
ORD01458,2026-06-06,Customer_01458,Hyderabad,Personal Care,4,11788.11,943.05,0.09
ORD01459,2026-06-10,Customer_01459,Hyderabad,Devices,5,10735.6,966.2,0.1
ORD01460,2026-06-14,Customer_01460,Hyderabad,Medicines,1,11472.36,1147.24,0.11
ORD01461,2026-06-18,Customer_01461,Hyderabad,Wellness,2,12209.11,1343.0,0.12
ORD01462,2026-06-22,Customer_01462,Hyderabad,Personal Care,3,11156.6,1338.79,0.13
ORD01463,2026-06-26,Customer_01463,Hyderabad,Devices,4,11893.36,1546.14,0.14
ORD01464,2026-06-02,Customer_01464,Hyderabad,Medicines,5,10840.85,1517.72,0.15
ORD01465,2026-06-06,Customer_01465,Hyderabad,Wellness,1,11577.61,1736.64,0.16
ORD01466,2026-06-10,Customer_01466,Hyderabad,Personal Care,2,10525.1,1684.02,0.17
ORD01467,2026-06-14,Customer_01467,Hyderabad,Devices,3,11261.86,900.95,0.18
ORD01468,2026-06-18,Customer_01468,Hyderabad,Medicines,4,11998.61,1079.87,0.19
ORD01469,2026-06-22,Customer_01469,Hyderabad,Wellness,5,10946.1,1094.61,0.2
ORD01470,2026-06-26,Customer_01470,Hyderabad,Personal Care,1,11682.86,1285.11,0.0
ORD01471,2026-06-02,Customer_01471,Hyderabad,Devices,2,10630.35,1275.64,0.01
ORD01472,2026-06-06,Customer_01472,Hyderabad,Medicines,3,11367.11,1477.72,0.02
ORD01473,2026-06-10,Customer_01473,Hyderabad,Wellness,4,12103.86,1694.54,0.03
ORD01474,2026-06-14,Customer_01474,Hyderabad,Personal Care,5,11051.35,1657.7,0.04
ORD01475,2026-06-18,Customer_01475,Hyderabad,Devices,1,11788.11,1886.1,0.05
ORD01476,2026-06-22,Customer_01476,Hyderabad,Medicines,2,10735.6,858.85,0.06
ORD01477,2026-06-26,Customer_01477,Hyderabad,Wellness,3,11472.36,1032.51,0.07
ORD01478,2026-06-02,Customer_01478,Hyderabad,Personal Care,4,12209.11,1220.91,0.08
ORD01479,2026-06-06,Customer_01479,Hyderabad,Devices,5,11156.6,1227.23,0.09
ORD01480,2026-06-10,Customer_01480,Hyderabad,Medicines,1,11893.39,1427.21,0.1
ORD01481,2026-06-26,Customer_01481,Warangal,Wellness,2,4157.85,540.52,0.11
ORD01482,2026-06-02,Customer_01482,Warangal,Personal Care,3,4432.43,620.54,0.12
ORD01483,2026-06-06,Customer_01483,Warangal,Devices,4,4040.18,606.03,0.13
ORD01484,2026-06-10,Customer_01484,Warangal,Medicines,5,4314.75,690.36,0.14
ORD01485,2026-06-14,Customer_01485,Warangal,Wellness,1,3922.5,313.8,0.15
ORD01486,2026-06-18,Customer_01486,Warangal,Personal Care,2,4197.08,377.74,0.16
ORD01487,2026-06-22,Customer_01487,Warangal,Devices,3,4471.65,447.16,0.17
ORD01488,2026-06-26,Customer_01488,Warangal,Medicines,4,4079.4,448.73,0.18
ORD01489,2026-06-02,Customer_01489,Warangal,Wellness,5,4353.98,522.48,0.19
ORD01490,2026-06-06,Customer_01490,Warangal,Personal Care,1,3961.73,515.02,0.2
ORD01491,2026-06-10,Customer_01491,Warangal,Devices,2,4236.3,593.08,0.0
ORD01492,2026-06-14,Customer_01492,Warangal,Medicines,3,4510.88,676.63,0.01
ORD01493,2026-06-18,Customer_01493,Warangal,Wellness,4,4118.63,658.98,0.02
ORD01494,2026-06-22,Customer_01494,Warangal,Personal Care,5,4393.2,351.46,0.03
ORD01495,2026-06-26,Customer_01495,Warangal,Devices,1,4000.95,360.09,0.04
ORD01496,2026-06-02,Customer_01496,Warangal,Medicines,2,4275.53,427.55,0.05
ORD01497,2026-06-06,Customer_01497,Warangal,Wellness,3,4550.1,500.51,0.06
ORD01498,2026-06-10,Customer_01498,Warangal,Personal Care,4,4157.85,498.94,0.07
ORD01499,2026-06-14,Customer_01499,Warangal,Devices,5,4432.43,576.22,0.08
ORD01500,2026-06-18,Customer_01500,Warangal,Medicines,1,4040.18,565.63,0.09
ORD01501,2026-06-22,Customer_01501,Warangal,Wellness,2,4314.75,647.21,0.1
ORD01502,2026-06-26,Customer_01502,Warangal,Personal Care,3,3922.5,627.6,0.11
ORD01503,2026-06-02,Customer_01503,Warangal,Devices,4,4197.08,335.77,0.12
ORD01504,2026-06-06,Customer_01504,Warangal,Medicines,5,4471.65,402.45,0.13
ORD01505,2026-06-10,Customer_01505,Warangal,Wellness,1,4079.4,407.94,0.14
ORD01506,2026-06-14,Customer_01506,Warangal,Personal Care,2,4353.98,478.94,0.15
ORD01507,2026-06-18,Customer_01507,Warangal,Devices,3,3961.73,475.41,0.16
ORD01508,2026-06-22,Customer_01508,Warangal,Medicines,4,4236.3,550.72,0.17
ORD01509,2026-06-26,Customer_01509,Warangal,Wellness,5,4510.88,631.52,0.18
ORD01510,2026-06-02,Customer_01510,Warangal,Personal Care,1,4118.63,617.79,0.19
ORD01511,2026-06-06,Customer_01511,Warangal,Devices,2,4393.2,702.91,0.2
ORD01512,2026-06-10,Customer_01512,Warangal,Medicines,3,4000.95,320.08,0.0
ORD01513,2026-06-14,Customer_01513,Warangal,Wellness,4,4275.53,384.8,0.01
ORD01514,2026-06-18,Customer_01514,Warangal,Personal Care,5,4550.1,455.01,0.02
ORD01515,2026-06-22,Customer_01515,Warangal,Devices,1,4157.85,457.36,0.03
ORD01516,2026-06-26,Customer_01516,Warangal,Medicines,2,4432.43,531.89,0.04
ORD01517,2026-06-02,Customer_01517,Warangal,Wellness,3,4040.18,525.22,0.05
ORD01518,2026-06-06,Customer_01518,Warangal,Personal Care,4,4314.75,604.07,0.06
ORD01519,2026-06-10,Customer_01519,Warangal,Devices,5,3922.5,588.38,0.07
ORD01520,2026-06-14,Customer_01520,Warangal,Medicines,1,4197.08,671.53,0.08
ORD01521,2026-06-18,Customer_01521,Warangal,Wellness,2,4471.65,357.73,0.09
ORD01522,2026-06-22,Customer_01522,Warangal,Personal Care,3,4079.4,367.15,0.1
ORD01523,2026-06-26,Customer_01523,Warangal,Devices,4,4353.98,435.4,0.11
ORD01524,2026-06-02,Customer_01524,Warangal,Medicines,5,3961.73,435.79,0.12
ORD01525,2026-06-06,Customer_01525,Warangal,Wellness,1,4236.3,508.36,0.13
ORD01526,2026-06-10,Customer_01526,Warangal,Personal Care,2,4510.88,586.41,0.14
ORD01527,2026-06-14,Customer_01527,Warangal,Devices,3,4118.63,576.61,0.15
ORD01528,2026-06-18,Customer_01528,Warangal,Medicines,4,4393.2,658.98,0.16
ORD01529,2026-06-22,Customer_01529,Warangal,Wellness,5,4000.95,640.15,0.17
ORD01530,2026-06-26,Customer_01530,Warangal,Personal Care,1,4275.53,342.04,0.18
ORD01531,2026-06-02,Customer_01531,Warangal,Devices,2,4550.1,409.51,0.19
ORD01532,2026-06-06,Customer_01532,Warangal,Medicines,3,4157.85,415.79,0.2
ORD01533,2026-06-10,Customer_01533,Warangal,Wellness,4,4432.43,487.57,0.0
ORD01534,2026-06-14,Customer_01534,Warangal,Personal Care,5,4040.18,484.82,0.01
ORD01535,2026-06-18,Customer_01535,Warangal,Devices,1,4314.75,560.92,0.02
ORD01536,2026-06-22,Customer_01536,Warangal,Medicines,2,3922.5,549.15,0.03
ORD01537,2026-06-26,Customer_01537,Warangal,Wellness,3,4197.08,629.56,0.04
ORD01538,2026-06-02,Customer_01538,Warangal,Personal Care,4,4471.65,715.46,0.05
ORD01539,2026-06-06,Customer_01539,Warangal,Devices,5,4079.4,326.35,0.06
ORD01540,2026-06-10,Customer_01540,Warangal,Medicines,1,4353.98,391.86,0.07
ORD01541,2026-06-14,Customer_01541,Warangal,Wellness,2,3961.73,396.17,0.08
ORD01542,2026-06-18,Customer_01542,Warangal,Personal Care,3,4236.3,465.99,0.09
ORD01543,2026-06-22,Customer_01543,Warangal,Devices,4,4510.88,541.31,0.1
ORD01544,2026-06-26,Customer_01544,Warangal,Medicines,5,4118.63,535.42,0.11
ORD01545,2026-06-02,Customer_01545,Warangal,Wellness,1,4393.2,615.05,0.12
ORD01546,2026-06-06,Customer_01546,Warangal,Personal Care,2,4000.95,600.14,0.13
ORD01547,2026-06-10,Customer_01547,Warangal,Devices,3,4275.53,684.08,0.14
ORD01548,2026-06-14,Customer_01548,Warangal,Medicines,4,4550.1,364.01,0.15
ORD01549,2026-06-18,Customer_01549,Warangal,Wellness,5,4157.85,374.21,0.16
ORD01550,2026-06-22,Customer_01550,Warangal,Personal Care,1,4432.43,443.24,0.17
ORD01551,2026-06-26,Customer_01551,Warangal,Devices,2,4040.18,444.42,0.18
ORD01552,2026-06-02,Customer_01552,Warangal,Medicines,3,4314.75,517.77,0.19
ORD01553,2026-06-06,Customer_01553,Warangal,Wellness,4,3922.5,509.93,0.2
ORD01554,2026-06-10,Customer_01554,Warangal,Personal Care,5,4197.08,587.59,0.0
ORD01555,2026-06-14,Customer_01555,Warangal,Devices,1,4471.65,670.75,0.01
ORD01556,2026-06-18,Customer_01556,Warangal,Medicines,2,4079.4,652.7,0.02
ORD01557,2026-06-22,Customer_01557,Warangal,Wellness,3,4353.98,348.32,0.03
ORD01558,2026-06-26,Customer_01558,Warangal,Personal Care,4,3961.62,356.55,0.04
ORD01559,2026-06-20,Customer_01559,Karimnagar,Devices,5,3693.02,369.3,0.05
ORD01560,2026-06-24,Customer_01560,Karimnagar,Medicines,1,3946.46,434.11,0.06
ORD01561,2026-06-28,Customer_01561,Karimnagar,Wellness,2,4199.91,503.99,0.07
ORD01562,2026-06-04,Customer_01562,Karimnagar,Personal Care,3,3837.84,498.92,0.08
ORD01563,2026-06-08,Customer_01563,Karimnagar,Devices,4,4091.29,572.78,0.09
ORD01564,2026-06-12,Customer_01564,Karimnagar,Medicines,5,3729.23,559.38,0.1
ORD01565,2026-06-16,Customer_01565,Karimnagar,Wellness,1,3982.67,637.23,0.11
ORD01566,2026-06-20,Customer_01566,Karimnagar,Personal Care,2,3620.61,289.65,0.12
ORD01567,2026-06-24,Customer_01567,Karimnagar,Devices,3,3874.05,348.66,0.13
ORD01568,2026-06-28,Customer_01568,Karimnagar,Medicines,4,4127.49,412.75,0.14
ORD01569,2026-06-04,Customer_01569,Karimnagar,Wellness,5,3765.43,414.2,0.15
ORD01570,2026-06-08,Customer_01570,Karimnagar,Personal Care,1,4018.87,482.26,0.16
ORD01571,2026-06-12,Customer_01571,Karimnagar,Devices,2,3656.81,475.39,0.17
ORD01572,2026-06-16,Customer_01572,Karimnagar,Medicines,3,3910.26,547.44,0.18
ORD01573,2026-06-20,Customer_01573,Karimnagar,Wellness,4,4163.7,624.56,0.19
ORD01574,2026-06-24,Customer_01574,Karimnagar,Personal Care,5,3801.64,608.26,0.2
ORD01575,2026-06-28,Customer_01575,Karimnagar,Devices,1,4055.08,324.41,0.0
ORD01576,2026-06-04,Customer_01576,Karimnagar,Medicines,2,3693.02,332.37,0.01
ORD01577,2026-06-08,Customer_01577,Karimnagar,Wellness,3,3946.46,394.65,0.02
ORD01578,2026-06-12,Customer_01578,Karimnagar,Personal Care,4,4199.91,461.99,0.03
ORD01579,2026-06-16,Customer_01579,Karimnagar,Devices,5,3837.84,460.54,0.04
ORD01580,2026-06-20,Customer_01580,Karimnagar,Medicines,1,4091.29,531.87,0.05
ORD01581,2026-06-24,Customer_01581,Karimnagar,Wellness,2,3729.23,522.09,0.06
ORD01582,2026-06-28,Customer_01582,Karimnagar,Personal Care,3,3982.67,597.4,0.07
ORD01583,2026-06-04,Customer_01583,Karimnagar,Devices,4,3620.61,579.3,0.08
ORD01584,2026-06-08,Customer_01584,Karimnagar,Medicines,5,3874.05,309.92,0.09
ORD01585,2026-06-12,Customer_01585,Karimnagar,Wellness,1,4127.49,371.47,0.1
ORD01586,2026-06-16,Customer_01586,Karimnagar,Personal Care,2,3765.43,376.54,0.11
ORD01587,2026-06-20,Customer_01587,Karimnagar,Devices,3,4018.87,442.08,0.12
ORD01588,2026-06-24,Customer_01588,Karimnagar,Medicines,4,3656.81,438.82,0.13
ORD01589,2026-06-28,Customer_01589,Karimnagar,Wellness,5,3910.26,508.33,0.14
ORD01590,2026-06-04,Customer_01590,Karimnagar,Personal Care,1,4163.7,582.92,0.15
ORD01591,2026-06-08,Customer_01591,Karimnagar,Devices,2,3801.64,570.25,0.16
ORD01592,2026-06-12,Customer_01592,Karimnagar,Medicines,3,4055.08,648.81,0.17
ORD01593,2026-06-16,Customer_01593,Karimnagar,Wellness,4,3693.02,295.44,0.18
ORD01594,2026-06-20,Customer_01594,Karimnagar,Personal Care,5,3946.46,355.18,0.19
ORD01595,2026-06-24,Customer_01595,Karimnagar,Devices,1,4199.91,419.99,0.2
ORD01596,2026-06-28,Customer_01596,Karimnagar,Medicines,2,3837.84,422.16,0.0
ORD01597,2026-06-04,Customer_01597,Karimnagar,Wellness,3,4091.29,490.95,0.01
ORD01598,2026-06-08,Customer_01598,Karimnagar,Personal Care,4,3729.23,484.8,0.02
ORD01599,2026-06-12,Customer_01599,Karimnagar,Devices,5,3982.67,557.57,0.03
ORD01600,2026-06-16,Customer_01600,Karimnagar,Medicines,1,3620.61,543.09,0.04
ORD01601,2026-06-20,Customer_01601,Karimnagar,Wellness,2,3874.05,619.85,0.05
ORD01602,2026-06-24,Customer_01602,Karimnagar,Personal Care,3,4127.49,330.2,0.06
ORD01603,2026-06-28,Customer_01603,Karimnagar,Devices,4,3765.43,338.89,0.07
ORD01604,2026-06-04,Customer_01604,Karimnagar,Medicines,5,4018.87,401.89,0.08
ORD01605,2026-06-08,Customer_01605,Karimnagar,Wellness,1,3656.81,402.25,0.09
ORD01606,2026-06-12,Customer_01606,Karimnagar,Personal Care,2,3910.26,469.23,0.1
ORD01607,2026-06-16,Customer_01607,Karimnagar,Devices,3,4163.7,541.28,0.11
ORD01608,2026-06-20,Customer_01608,Karimnagar,Medicines,4,3801.64,532.23,0.12
ORD01609,2026-06-24,Customer_01609,Karimnagar,Wellness,5,4055.08,608.26,0.13
ORD01610,2026-06-28,Customer_01610,Karimnagar,Personal Care,1,3693.02,590.88,0.14
ORD01611,2026-06-04,Customer_01611,Karimnagar,Devices,2,3946.46,315.72,0.15
ORD01612,2026-06-08,Customer_01612,Karimnagar,Medicines,3,4199.91,377.99,0.16
ORD01613,2026-06-12,Customer_01613,Karimnagar,Wellness,4,3837.84,383.78,0.17
ORD01614,2026-06-16,Customer_01614,Karimnagar,Personal Care,5,4091.29,450.04,0.18
ORD01615,2026-06-20,Customer_01615,Karimnagar,Devices,1,3729.23,447.51,0.19
ORD01616,2026-06-24,Customer_01616,Karimnagar,Medicines,2,3982.67,517.75,0.2
ORD01617,2026-06-28,Customer_01617,Karimnagar,Wellness,3,3620.61,506.89,0.0
ORD01618,2026-06-04,Customer_01618,Karimnagar,Personal Care,4,3874.05,581.11,0.01
ORD01619,2026-06-08,Customer_01619,Karimnagar,Devices,5,4127.49,660.4,0.02
ORD01620,2026-06-12,Customer_01620,Karimnagar,Medicines,1,3765.43,301.23,0.03
ORD01621,2026-06-16,Customer_01621,Karimnagar,Wellness,2,4018.87,361.7,0.04
ORD01622,2026-06-20,Customer_01622,Karimnagar,Personal Care,3,3656.81,365.68,0.05
ORD01623,2026-06-24,Customer_01623,Karimnagar,Devices,4,3910.26,430.13,0.06
ORD01624,2026-06-28,Customer_01624,Karimnagar,Medicines,5,4163.7,499.64,0.07
ORD01625,2026-06-04,Customer_01625,Karimnagar,Wellness,1,3801.64,494.21,0.08
ORD01626,2026-06-08,Customer_01626,Karimnagar,Personal Care,2,4055.08,567.71,0.09
ORD01627,2026-06-12,Customer_01627,Karimnagar,Devices,3,3693.02,553.95,0.1
ORD01628,2026-06-16,Customer_01628,Karimnagar,Medicines,4,3946.46,631.43,0.11
ORD01629,2026-06-20,Customer_01629,Karimnagar,Wellness,5,4199.91,335.99,0.12
ORD01630,2026-06-24,Customer_01630,Karimnagar,Personal Care,1,3837.84,345.41,0.13
ORD01631,2026-06-28,Customer_01631,Karimnagar,Devices,2,4091.29,409.13,0.14
ORD01632,2026-06-04,Customer_01632,Karimnagar,Medicines,3,3729.23,410.22,0.15
ORD01633,2026-06-08,Customer_01633,Karimnagar,Wellness,4,3982.67,477.92,0.16
ORD01634,2026-06-12,Customer_01634,Karimnagar,Personal Care,5,3620.61,470.68,0.17
ORD01635,2026-06-16,Customer_01635,Karimnagar,Devices,1,3874.05,542.37,0.18
ORD01636,2026-06-20,Customer_01636,Karimnagar,Medicines,2,4127.48,619.12,0.19
ORD01637,2026-06-14,Customer_01637,Nizamabad,Wellness,3,3817.43,610.79,0.2
ORD01638,2026-06-18,Customer_01638,Nizamabad,Personal Care,4,3485.48,278.84,0.0
ORD01639,2026-06-22,Customer_01639,Nizamabad,Devices,5,3717.84,334.61,0.01
ORD01640,2026-06-26,Customer_01640,Nizamabad,Medicines,1,3385.89,338.59,0.02
ORD01641,2026-06-02,Customer_01641,Nizamabad,Wellness,2,3618.26,398.01,0.03
ORD01642,2026-06-06,Customer_01642,Nizamabad,Personal Care,3,3850.62,462.07,0.04
ORD01643,2026-06-10,Customer_01643,Nizamabad,Devices,4,3518.67,457.43,0.05
ORD01644,2026-06-14,Customer_01644,Nizamabad,Medicines,5,3751.04,525.15,0.06
ORD01645,2026-06-18,Customer_01645,Nizamabad,Wellness,1,3419.09,512.86,0.07
ORD01646,2026-06-22,Customer_01646,Nizamabad,Personal Care,2,3651.45,584.23,0.08
ORD01647,2026-06-26,Customer_01647,Nizamabad,Devices,3,3319.5,265.56,0.09
ORD01648,2026-06-02,Customer_01648,Nizamabad,Medicines,4,3551.87,319.67,0.1
ORD01649,2026-06-06,Customer_01649,Nizamabad,Wellness,5,3784.23,378.42,0.11
ORD01650,2026-06-10,Customer_01650,Nizamabad,Personal Care,1,3452.28,379.75,0.12
ORD01651,2026-06-14,Customer_01651,Nizamabad,Devices,2,3684.65,442.16,0.13
ORD01652,2026-06-18,Customer_01652,Nizamabad,Medicines,3,3352.7,435.85,0.14
ORD01653,2026-06-22,Customer_01653,Nizamabad,Wellness,4,3585.06,501.91,0.15
ORD01654,2026-06-26,Customer_01654,Nizamabad,Personal Care,5,3817.43,572.61,0.16
ORD01655,2026-06-02,Customer_01655,Nizamabad,Devices,1,3485.48,557.68,0.17
ORD01656,2026-06-06,Customer_01656,Nizamabad,Medicines,2,3717.84,297.43,0.18
ORD01657,2026-06-10,Customer_01657,Nizamabad,Wellness,3,3385.89,304.73,0.19
ORD01658,2026-06-14,Customer_01658,Nizamabad,Personal Care,4,3618.26,361.83,0.2
ORD01659,2026-06-18,Customer_01659,Nizamabad,Devices,5,3850.62,423.57,0.0
ORD01660,2026-06-22,Customer_01660,Nizamabad,Medicines,1,3518.67,422.24,0.01
ORD01661,2026-06-26,Customer_01661,Nizamabad,Wellness,2,3751.04,487.64,0.02
ORD01662,2026-06-02,Customer_01662,Nizamabad,Personal Care,3,3419.09,478.67,0.03
ORD01663,2026-06-06,Customer_01663,Nizamabad,Devices,4,3651.45,547.72,0.04
ORD01664,2026-06-10,Customer_01664,Nizamabad,Medicines,5,3319.5,531.12,0.05
ORD01665,2026-06-14,Customer_01665,Nizamabad,Wellness,1,3551.87,284.15,0.06
ORD01666,2026-06-18,Customer_01666,Nizamabad,Personal Care,2,3784.23,340.58,0.07
ORD01667,2026-06-22,Customer_01667,Nizamabad,Devices,3,3452.28,345.23,0.08
ORD01668,2026-06-26,Customer_01668,Nizamabad,Medicines,4,3684.65,405.31,0.09
ORD01669,2026-06-02,Customer_01669,Nizamabad,Wellness,5,3352.7,402.32,0.1
ORD01670,2026-06-06,Customer_01670,Nizamabad,Personal Care,1,3585.06,466.06,0.11
ORD01671,2026-06-10,Customer_01671,Nizamabad,Devices,2,3817.43,534.44,0.12
ORD01672,2026-06-14,Customer_01672,Nizamabad,Medicines,3,3485.48,522.82,0.13
ORD01673,2026-06-18,Customer_01673,Nizamabad,Wellness,4,3717.84,594.85,0.14
ORD01674,2026-06-22,Customer_01674,Nizamabad,Personal Care,5,3385.89,270.87,0.15
ORD01675,2026-06-26,Customer_01675,Nizamabad,Devices,1,3618.26,325.64,0.16
ORD01676,2026-06-02,Customer_01676,Nizamabad,Medicines,2,3850.62,385.06,0.17
ORD01677,2026-06-06,Customer_01677,Nizamabad,Wellness,3,3518.67,387.05,0.18
ORD01678,2026-06-10,Customer_01678,Nizamabad,Personal Care,4,3751.04,450.12,0.19
ORD01679,2026-06-14,Customer_01679,Nizamabad,Devices,5,3419.09,444.48,0.2
ORD01680,2026-06-18,Customer_01680,Nizamabad,Medicines,1,3651.45,511.2,0.0
ORD01681,2026-06-22,Customer_01681,Nizamabad,Wellness,2,3319.5,497.93,0.01
ORD01682,2026-06-26,Customer_01682,Nizamabad,Personal Care,3,3551.87,568.3,0.02
ORD01683,2026-06-02,Customer_01683,Nizamabad,Devices,4,3784.23,302.74,0.03
ORD01684,2026-06-06,Customer_01684,Nizamabad,Medicines,5,3452.28,310.71,0.04
ORD01685,2026-06-10,Customer_01685,Nizamabad,Wellness,1,3684.65,368.47,0.05
ORD01686,2026-06-14,Customer_01686,Nizamabad,Personal Care,2,3352.7,368.8,0.06
ORD01687,2026-06-18,Customer_01687,Nizamabad,Devices,3,3585.06,430.21,0.07
ORD01688,2026-06-22,Customer_01688,Nizamabad,Medicines,4,3817.43,496.27,0.08
ORD01689,2026-06-26,Customer_01689,Nizamabad,Wellness,5,3485.48,487.97,0.09
ORD01690,2026-06-02,Customer_01690,Nizamabad,Personal Care,1,3717.84,557.68,0.1
ORD01691,2026-06-06,Customer_01691,Nizamabad,Devices,2,3385.89,541.74,0.11
ORD01692,2026-06-10,Customer_01692,Nizamabad,Medicines,3,3618.26,289.46,0.12
ORD01693,2026-06-14,Customer_01693,Nizamabad,Wellness,4,3850.62,346.56,0.13
ORD01694,2026-06-18,Customer_01694,Nizamabad,Personal Care,5,3518.67,351.87,0.14
ORD01695,2026-06-22,Customer_01695,Nizamabad,Devices,1,3751.04,412.61,0.15
ORD01696,2026-06-26,Customer_01696,Nizamabad,Medicines,2,3419.09,410.29,0.16
ORD01697,2026-06-02,Customer_01697,Nizamabad,Wellness,3,3651.45,474.69,0.17
ORD01698,2026-06-06,Customer_01698,Nizamabad,Personal Care,4,3319.5,464.73,0.18
ORD01699,2026-06-10,Customer_01699,Nizamabad,Devices,5,3551.87,532.78,0.19
ORD01700,2026-06-14,Customer_01700,Nizamabad,Medicines,1,3784.23,605.48,0.2
ORD01701,2026-06-18,Customer_01701,Nizamabad,Wellness,2,3452.28,276.18,0.0
ORD01702,2026-06-22,Customer_01702,Nizamabad,Personal Care,3,3684.65,331.62,0.01
ORD01703,2026-06-26,Customer_01703,Nizamabad,Devices,4,3352.7,335.27,0.02
ORD01704,2026-06-02,Customer_01704,Nizamabad,Medicines,5,3585.06,394.36,0.03
ORD01705,2026-06-06,Customer_01705,Nizamabad,Wellness,1,3817.43,458.09,0.04
ORD01706,2026-06-10,Customer_01706,Nizamabad,Personal Care,2,3485.48,453.11,0.05
ORD01707,2026-06-14,Customer_01707,Nizamabad,Devices,3,3717.84,520.5,0.06
ORD01708,2026-06-18,Customer_01708,Nizamabad,Medicines,4,3385.89,507.88,0.07
ORD01709,2026-06-22,Customer_01709,Nizamabad,Wellness,5,3618.26,578.92,0.08
ORD01710,2026-06-26,Customer_01710,Nizamabad,Personal Care,1,3850.62,308.05,0.09
ORD01711,2026-06-02,Customer_01711,Nizamabad,Devices,2,3518.67,316.68,0.1
ORD01712,2026-06-06,Customer_01712,Nizamabad,Medicines,3,3751.04,375.1,0.11
ORD01713,2026-06-10,Customer_01713,Nizamabad,Wellness,4,3419.09,376.1,0.12
ORD01714,2026-06-14,Customer_01714,Nizamabad,Personal Care,5,3651.44,438.17,0.13
ORD01715,2026-06-08,Customer_01715,Khammam,Devices,1,3555.58,462.23,0.14
ORD01716,2026-06-12,Customer_01716,Khammam,Medicines,2,3235.26,452.94,0.15
ORD01717,2026-06-16,Customer_01717,Khammam,Wellness,3,3459.49,518.92,0.16
ORD01718,2026-06-20,Customer_01718,Khammam,Personal Care,4,3683.71,589.39,0.17
ORD01719,2026-06-24,Customer_01719,Khammam,Devices,5,3363.39,269.07,0.18
ORD01720,2026-06-28,Customer_01720,Khammam,Medicines,1,3587.61,322.88,0.19
ORD01721,2026-06-04,Customer_01721,Khammam,Wellness,2,3267.29,326.73,0.2
ORD01722,2026-06-08,Customer_01722,Khammam,Personal Care,3,3491.52,384.07,0.0
ORD01723,2026-06-12,Customer_01723,Khammam,Devices,4,3715.74,445.89,0.01
ORD01724,2026-06-16,Customer_01724,Khammam,Medicines,5,3395.42,441.4,0.02
ORD01725,2026-06-20,Customer_01725,Khammam,Wellness,1,3619.65,506.75,0.03
ORD01726,2026-06-24,Customer_01726,Khammam,Personal Care,2,3299.32,494.9,0.04
ORD01727,2026-06-28,Customer_01727,Khammam,Devices,3,3523.55,563.77,0.05
ORD01728,2026-06-04,Customer_01728,Khammam,Medicines,4,3203.23,256.26,0.06
ORD01729,2026-06-08,Customer_01729,Khammam,Wellness,5,3427.45,308.47,0.07
ORD01730,2026-06-12,Customer_01730,Khammam,Personal Care,1,3651.68,365.17,0.08
ORD01731,2026-06-16,Customer_01731,Khammam,Devices,2,3331.36,366.45,0.09
ORD01732,2026-06-20,Customer_01732,Khammam,Medicines,3,3555.58,426.67,0.1
ORD01733,2026-06-24,Customer_01733,Khammam,Wellness,4,3235.26,420.58,0.11
ORD01734,2026-06-28,Customer_01734,Khammam,Personal Care,5,3459.49,484.33,0.12
ORD01735,2026-06-04,Customer_01735,Khammam,Devices,1,3683.71,552.56,0.13
ORD01736,2026-06-08,Customer_01736,Khammam,Medicines,2,3363.39,538.14,0.14
ORD01737,2026-06-12,Customer_01737,Khammam,Wellness,3,3587.61,287.01,0.15
ORD01738,2026-06-16,Customer_01738,Khammam,Personal Care,4,3267.29,294.06,0.16
ORD01739,2026-06-20,Customer_01739,Khammam,Devices,5,3491.52,349.15,0.17
ORD01740,2026-06-24,Customer_01740,Khammam,Medicines,1,3715.74,408.73,0.18
ORD01741,2026-06-28,Customer_01741,Khammam,Wellness,2,3395.42,407.45,0.19
ORD01742,2026-06-04,Customer_01742,Khammam,Personal Care,3,3619.65,470.55,0.2
ORD01743,2026-06-08,Customer_01743,Khammam,Devices,4,3299.32,461.9,0.0
ORD01744,2026-06-12,Customer_01744,Khammam,Medicines,5,3523.55,528.53,0.01
ORD01745,2026-06-16,Customer_01745,Khammam,Wellness,1,3203.23,512.52,0.02
ORD01746,2026-06-20,Customer_01746,Khammam,Personal Care,2,3427.45,274.2,0.03
ORD01747,2026-06-24,Customer_01747,Khammam,Devices,3,3651.68,328.65,0.04
ORD01748,2026-06-28,Customer_01748,Khammam,Medicines,4,3331.36,333.14,0.05
ORD01749,2026-06-04,Customer_01749,Khammam,Wellness,5,3555.58,391.11,0.06
ORD01750,2026-06-08,Customer_01750,Khammam,Personal Care,1,3235.26,388.23,0.07
ORD01751,2026-06-12,Customer_01751,Khammam,Devices,2,3459.49,449.73,0.08
ORD01752,2026-06-16,Customer_01752,Khammam,Medicines,3,3683.71,515.72,0.09
ORD01753,2026-06-20,Customer_01753,Khammam,Wellness,4,3363.39,504.51,0.1
ORD01754,2026-06-24,Customer_01754,Khammam,Personal Care,5,3587.61,574.02,0.11
ORD01755,2026-06-28,Customer_01755,Khammam,Devices,1,3267.29,261.38,0.12
ORD01756,2026-06-04,Customer_01756,Khammam,Medicines,2,3491.52,314.24,0.13
ORD01757,2026-06-08,Customer_01757,Khammam,Wellness,3,3715.74,371.57,0.14
ORD01758,2026-06-12,Customer_01758,Khammam,Personal Care,4,3395.42,373.5,0.15
ORD01759,2026-06-16,Customer_01759,Khammam,Devices,5,3619.65,434.36,0.16
ORD01760,2026-06-20,Customer_01760,Khammam,Medicines,1,3299.32,428.91,0.17
ORD01761,2026-06-24,Customer_01761,Khammam,Wellness,2,3523.55,493.3,0.18
ORD01762,2026-06-28,Customer_01762,Khammam,Personal Care,3,3203.23,480.48,0.19
ORD01763,2026-06-04,Customer_01763,Khammam,Devices,4,3427.45,548.39,0.2
ORD01764,2026-06-08,Customer_01764,Khammam,Medicines,5,3651.68,292.13,0.0
ORD01765,2026-06-12,Customer_01765,Khammam,Wellness,1,3331.36,299.82,0.01
ORD01766,2026-06-16,Customer_01766,Khammam,Personal Care,2,3555.58,355.56,0.02
ORD01767,2026-06-20,Customer_01767,Khammam,Devices,3,3235.26,355.88,0.03
ORD01768,2026-06-24,Customer_01768,Khammam,Medicines,4,3459.49,415.14,0.04
ORD01769,2026-06-28,Customer_01769,Khammam,Wellness,5,3683.71,478.88,0.05
ORD01770,2026-06-04,Customer_01770,Khammam,Personal Care,1,3363.39,470.87,0.06
ORD01771,2026-06-08,Customer_01771,Khammam,Devices,2,3587.61,538.14,0.07
ORD01772,2026-06-12,Customer_01772,Khammam,Medicines,3,3267.29,522.77,0.08
ORD01773,2026-06-16,Customer_01773,Khammam,Wellness,4,3491.52,279.32,0.09
ORD01774,2026-06-20,Customer_01774,Khammam,Personal Care,5,3715.74,334.42,0.1
ORD01775,2026-06-24,Customer_01775,Khammam,Devices,1,3395.42,339.54,0.11
ORD01776,2026-06-28,Customer_01776,Khammam,Medicines,2,3619.65,398.16,0.12
ORD01777,2026-06-04,Customer_01777,Khammam,Wellness,3,3299.32,395.92,0.13
ORD01778,2026-06-08,Customer_01778,Khammam,Personal Care,4,3523.55,458.06,0.14
ORD01779,2026-06-12,Customer_01779,Khammam,Devices,5,3203.23,448.45,0.15
ORD01780,2026-06-16,Customer_01780,Khammam,Medicines,1,3427.45,514.12,0.16
ORD01781,2026-06-20,Customer_01781,Khammam,Wellness,2,3651.68,584.27,0.17
ORD01782,2026-06-24,Customer_01782,Khammam,Personal Care,3,3331.36,266.51,0.18
ORD01783,2026-06-28,Customer_01783,Khammam,Devices,4,3555.58,320.0,0.19
ORD01784,2026-06-04,Customer_01784,Khammam,Medicines,5,3235.26,323.53,0.2
ORD01785,2026-06-08,Customer_01785,Khammam,Wellness,1,3459.49,380.54,0.0
ORD01786,2026-06-12,Customer_01786,Khammam,Personal Care,2,3683.71,442.05,0.01
ORD01787,2026-06-16,Customer_01787,Khammam,Devices,3,3363.39,437.24,0.02
ORD01788,2026-06-20,Customer_01788,Khammam,Medicines,4,3587.61,502.27,0.03
ORD01789,2026-06-24,Customer_01789,Khammam,Wellness,5,3267.29,490.09,0.04
ORD01790,2026-06-28,Customer_01790,Khammam,Personal Care,1,3491.52,558.64,0.05
ORD01791,2026-06-04,Customer_01791,Khammam,Devices,2,3715.74,297.26,0.06
ORD01792,2026-06-08,Customer_01792,Khammam,Medicines,3,3395.41,305.59,0.07
ORD01793,2026-06-02,Customer_01793,Vijayawada,Wellness,4,9463.97,946.4,0.08
ORD01794,2026-06-06,Customer_01794,Vijayawada,Personal Care,5,10083.11,1109.14,0.09
ORD01795,2026-06-10,Customer_01795,Vijayawada,Devices,1,9198.62,1103.83,0.1
ORD01796,2026-06-14,Customer_01796,Vijayawada,Medicines,2,9817.76,1276.31,0.11
ORD01797,2026-06-18,Customer_01797,Vijayawada,Wellness,3,8933.28,1250.66,0.12
ORD01798,2026-06-22,Customer_01798,Vijayawada,Personal Care,4,9552.42,1432.86,0.13
ORD01799,2026-06-26,Customer_01799,Vijayawada,Devices,5,10171.55,1627.45,0.14
ORD01800,2026-06-02,Customer_01800,Vijayawada,Medicines,1,9287.07,742.97,0.15
ORD01801,2026-06-06,Customer_01801,Vijayawada,Wellness,2,9906.21,891.56,0.16
ORD01802,2026-06-10,Customer_01802,Vijayawada,Personal Care,3,9021.73,902.17,0.17
ORD01803,2026-06-14,Customer_01803,Vijayawada,Devices,4,9640.86,1060.49,0.18
ORD01804,2026-06-18,Customer_01804,Vijayawada,Medicines,5,10260.0,1231.2,0.19
ORD01805,2026-06-22,Customer_01805,Vijayawada,Wellness,1,9375.52,1218.82,0.2
ORD01806,2026-06-26,Customer_01806,Vijayawada,Personal Care,2,9994.66,1399.25,0.0
ORD01807,2026-06-02,Customer_01807,Vijayawada,Devices,3,9110.17,1366.53,0.01
ORD01808,2026-06-06,Customer_01808,Vijayawada,Medicines,4,9729.31,1556.69,0.02
ORD01809,2026-06-10,Customer_01809,Vijayawada,Wellness,5,8844.83,707.59,0.03
ORD01810,2026-06-14,Customer_01810,Vijayawada,Personal Care,1,9463.97,851.76,0.04
ORD01811,2026-06-18,Customer_01811,Vijayawada,Devices,2,10083.11,1008.31,0.05
ORD01812,2026-06-22,Customer_01812,Vijayawada,Medicines,3,9198.62,1011.85,0.06
ORD01813,2026-06-26,Customer_01813,Vijayawada,Wellness,4,9817.76,1178.13,0.07
ORD01814,2026-06-02,Customer_01814,Vijayawada,Personal Care,5,8933.28,1161.33,0.08
ORD01815,2026-06-06,Customer_01815,Vijayawada,Devices,1,9552.42,1337.34,0.09
ORD01816,2026-06-10,Customer_01816,Vijayawada,Medicines,2,10171.55,1525.73,0.1
ORD01817,2026-06-14,Customer_01817,Vijayawada,Wellness,3,9287.07,1485.93,0.11
ORD01818,2026-06-18,Customer_01818,Vijayawada,Personal Care,4,9906.21,792.5,0.12
ORD01819,2026-06-22,Customer_01819,Vijayawada,Devices,5,9021.73,811.96,0.13
ORD01820,2026-06-26,Customer_01820,Vijayawada,Medicines,1,9640.86,964.09,0.14
ORD01821,2026-06-02,Customer_01821,Vijayawada,Wellness,2,10260.0,1128.6,0.15
ORD01822,2026-06-06,Customer_01822,Vijayawada,Personal Care,3,9375.52,1125.06,0.16
ORD01823,2026-06-10,Customer_01823,Vijayawada,Devices,4,9994.66,1299.31,0.17
ORD01824,2026-06-14,Customer_01824,Vijayawada,Medicines,5,9110.17,1275.42,0.18
ORD01825,2026-06-18,Customer_01825,Vijayawada,Wellness,1,9729.31,1459.4,0.19
ORD01826,2026-06-22,Customer_01826,Vijayawada,Personal Care,2,8844.83,1415.17,0.2
ORD01827,2026-06-26,Customer_01827,Vijayawada,Devices,3,9463.97,757.12,0.0
ORD01828,2026-06-02,Customer_01828,Vijayawada,Medicines,4,10083.11,907.48,0.01
ORD01829,2026-06-06,Customer_01829,Vijayawada,Wellness,5,9198.62,919.86,0.02
ORD01830,2026-06-10,Customer_01830,Vijayawada,Personal Care,1,9817.76,1079.95,0.03
ORD01831,2026-06-14,Customer_01831,Vijayawada,Devices,2,8933.28,1071.99,0.04
ORD01832,2026-06-18,Customer_01832,Vijayawada,Medicines,3,9552.42,1241.81,0.05
ORD01833,2026-06-22,Customer_01833,Vijayawada,Wellness,4,10171.55,1424.02,0.06
ORD01834,2026-06-26,Customer_01834,Vijayawada,Personal Care,5,9287.07,1393.06,0.07
ORD01835,2026-06-02,Customer_01835,Vijayawada,Devices,1,9906.21,1584.99,0.08
ORD01836,2026-06-06,Customer_01836,Vijayawada,Medicines,2,9021.73,721.74,0.09
ORD01837,2026-06-10,Customer_01837,Vijayawada,Wellness,3,9640.86,867.68,0.1
ORD01838,2026-06-14,Customer_01838,Vijayawada,Personal Care,4,10260.0,1026.0,0.11
ORD01839,2026-06-18,Customer_01839,Vijayawada,Devices,5,9375.52,1031.31,0.12
ORD01840,2026-06-22,Customer_01840,Vijayawada,Medicines,1,9994.66,1199.36,0.13
ORD01841,2026-06-26,Customer_01841,Vijayawada,Wellness,2,9110.17,1184.32,0.14
ORD01842,2026-06-02,Customer_01842,Vijayawada,Personal Care,3,9729.31,1362.1,0.15
ORD01843,2026-06-06,Customer_01843,Vijayawada,Devices,4,8844.83,1326.72,0.16
ORD01844,2026-06-10,Customer_01844,Vijayawada,Medicines,5,9463.97,1514.24,0.17
ORD01845,2026-06-14,Customer_01845,Vijayawada,Wellness,1,10083.11,806.65,0.18
ORD01846,2026-06-18,Customer_01846,Vijayawada,Personal Care,2,9198.62,827.88,0.19
ORD01847,2026-06-22,Customer_01847,Vijayawada,Devices,3,9817.76,981.78,0.2
ORD01848,2026-06-26,Customer_01848,Vijayawada,Medicines,4,8933.28,982.66,0.0
ORD01849,2026-06-02,Customer_01849,Vijayawada,Wellness,5,9552.42,1146.29,0.01
ORD01850,2026-06-06,Customer_01850,Vijayawada,Personal Care,1,10171.55,1322.3,0.02
ORD01851,2026-06-10,Customer_01851,Vijayawada,Devices,2,9287.07,1300.19,0.03
ORD01852,2026-06-14,Customer_01852,Vijayawada,Medicines,3,9906.21,1485.93,0.04
ORD01853,2026-06-18,Customer_01853,Vijayawada,Wellness,4,9021.73,1443.48,0.05
ORD01854,2026-06-22,Customer_01854,Vijayawada,Personal Care,5,9640.86,771.27,0.06
ORD01855,2026-06-26,Customer_01855,Vijayawada,Devices,1,10260.0,923.4,0.07
ORD01856,2026-06-02,Customer_01856,Vijayawada,Medicines,2,9375.52,937.55,0.08
ORD01857,2026-06-06,Customer_01857,Vijayawada,Wellness,3,9994.66,1099.41,0.09
ORD01858,2026-06-10,Customer_01858,Vijayawada,Personal Care,4,9110.17,1093.22,0.1
ORD01859,2026-06-14,Customer_01859,Vijayawada,Devices,5,9729.31,1264.81,0.11
ORD01860,2026-06-18,Customer_01860,Vijayawada,Medicines,1,8844.83,1238.28,0.12
ORD01861,2026-06-22,Customer_01861,Vijayawada,Wellness,2,9463.97,1419.6,0.13
ORD01862,2026-06-26,Customer_01862,Vijayawada,Personal Care,3,10083.11,1613.3,0.14
ORD01863,2026-06-02,Customer_01863,Vijayawada,Devices,4,9198.62,735.89,0.15
ORD01864,2026-06-06,Customer_01864,Vijayawada,Medicines,5,9817.76,883.6,0.16
ORD01865,2026-06-10,Customer_01865,Vijayawada,Wellness,1,8933.28,893.33,0.17
ORD01866,2026-06-14,Customer_01866,Vijayawada,Personal Care,2,9552.42,1050.77,0.18
ORD01867,2026-06-18,Customer_01867,Vijayawada,Devices,3,10171.55,1220.59,0.19
ORD01868,2026-06-22,Customer_01868,Vijayawada,Medicines,4,9287.07,1207.32,0.2
ORD01869,2026-06-26,Customer_01869,Vijayawada,Wellness,5,9906.21,1386.87,0.0
ORD01870,2026-06-02,Customer_01870,Vijayawada,Personal Care,1,9021.73,1353.26,0.01
ORD01871,2026-06-24,Customer_01871,Visakhapatnam,Devices,2,9973.27,1595.72,0.02
ORD01872,2026-06-28,Customer_01872,Visakhapatnam,Medicines,3,10651.06,852.08,0.03
ORD01873,2026-06-04,Customer_01873,Visakhapatnam,Wellness,4,9682.78,871.45,0.04
ORD01874,2026-06-08,Customer_01874,Visakhapatnam,Personal Care,5,10360.58,1036.06,0.05
ORD01875,2026-06-12,Customer_01875,Visakhapatnam,Devices,1,11038.37,1214.22,0.06
ORD01876,2026-06-16,Customer_01876,Visakhapatnam,Medicines,2,10070.1,1208.41,0.07
ORD01877,2026-06-20,Customer_01877,Visakhapatnam,Wellness,3,10747.89,1397.23,0.08
ORD01878,2026-06-24,Customer_01878,Visakhapatnam,Personal Care,4,9779.61,1369.15,0.09
ORD01879,2026-06-28,Customer_01879,Visakhapatnam,Devices,5,10457.41,1568.61,0.1
ORD01880,2026-06-04,Customer_01880,Visakhapatnam,Medicines,1,11135.2,1781.63,0.11
ORD01881,2026-06-08,Customer_01881,Visakhapatnam,Wellness,2,10166.92,813.35,0.12
ORD01882,2026-06-12,Customer_01882,Visakhapatnam,Personal Care,3,10844.72,976.02,0.13
ORD01883,2026-06-16,Customer_01883,Visakhapatnam,Devices,4,9876.44,987.64,0.14
ORD01884,2026-06-20,Customer_01884,Visakhapatnam,Medicines,5,10554.24,1160.97,0.15
ORD01885,2026-06-24,Customer_01885,Visakhapatnam,Wellness,1,11232.03,1347.84,0.16
ORD01886,2026-06-28,Customer_01886,Visakhapatnam,Personal Care,2,10263.75,1334.29,0.17
ORD01887,2026-06-04,Customer_01887,Visakhapatnam,Devices,3,10941.55,1531.82,0.18
ORD01888,2026-06-08,Customer_01888,Visakhapatnam,Medicines,4,9973.27,1495.99,0.19
ORD01889,2026-06-12,Customer_01889,Visakhapatnam,Wellness,5,10651.06,1704.17,0.2
ORD01890,2026-06-16,Customer_01890,Visakhapatnam,Personal Care,1,9682.78,774.62,0.0
ORD01891,2026-06-20,Customer_01891,Visakhapatnam,Devices,2,10360.58,932.45,0.01
ORD01892,2026-06-24,Customer_01892,Visakhapatnam,Medicines,3,11038.37,1103.84,0.02
ORD01893,2026-06-28,Customer_01893,Visakhapatnam,Wellness,4,10070.1,1107.71,0.03
ORD01894,2026-06-04,Customer_01894,Visakhapatnam,Personal Care,5,10747.89,1289.75,0.04
ORD01895,2026-06-08,Customer_01895,Visakhapatnam,Devices,1,9779.61,1271.35,0.05
ORD01896,2026-06-12,Customer_01896,Visakhapatnam,Medicines,2,10457.41,1464.04,0.06
ORD01897,2026-06-16,Customer_01897,Visakhapatnam,Wellness,3,11135.2,1670.28,0.07
ORD01898,2026-06-20,Customer_01898,Visakhapatnam,Personal Care,4,10166.92,1626.71,0.08
ORD01899,2026-06-24,Customer_01899,Visakhapatnam,Devices,5,10844.72,867.58,0.09
ORD01900,2026-06-28,Customer_01900,Visakhapatnam,Medicines,1,9876.44,888.88,0.1
ORD01901,2026-06-04,Customer_01901,Visakhapatnam,Wellness,2,10554.24,1055.42,0.11
ORD01902,2026-06-08,Customer_01902,Visakhapatnam,Personal Care,3,11232.03,1235.52,0.12
ORD01903,2026-06-12,Customer_01903,Visakhapatnam,Devices,4,10263.75,1231.65,0.13
ORD01904,2026-06-16,Customer_01904,Visakhapatnam,Medicines,5,10941.55,1422.4,0.14
ORD01905,2026-06-20,Customer_01905,Visakhapatnam,Wellness,1,9973.27,1396.26,0.15
ORD01906,2026-06-24,Customer_01906,Visakhapatnam,Personal Care,2,10651.06,1597.66,0.16
ORD01907,2026-06-28,Customer_01907,Visakhapatnam,Devices,3,9682.78,1549.24,0.17
ORD01908,2026-06-04,Customer_01908,Visakhapatnam,Medicines,4,10360.58,828.85,0.18
ORD01909,2026-06-08,Customer_01909,Visakhapatnam,Wellness,5,11038.37,993.45,0.19
ORD01910,2026-06-12,Customer_01910,Visakhapatnam,Personal Care,1,10070.1,1007.01,0.2
ORD01911,2026-06-16,Customer_01911,Visakhapatnam,Devices,2,10747.89,1182.27,0.0
ORD01912,2026-06-20,Customer_01912,Visakhapatnam,Medicines,3,9779.61,1173.55,0.01
ORD01913,2026-06-24,Customer_01913,Visakhapatnam,Wellness,4,10457.41,1359.46,0.02
ORD01914,2026-06-28,Customer_01914,Visakhapatnam,Personal Care,5,11135.2,1558.93,0.03
ORD01915,2026-06-04,Customer_01915,Visakhapatnam,Devices,1,10166.92,1525.04,0.04
ORD01916,2026-06-08,Customer_01916,Visakhapatnam,Medicines,2,10844.72,1735.16,0.05
ORD01917,2026-06-12,Customer_01917,Visakhapatnam,Wellness,3,9876.44,790.12,0.06
ORD01918,2026-06-16,Customer_01918,Visakhapatnam,Personal Care,4,10554.24,949.88,0.07
ORD01919,2026-06-20,Customer_01919,Visakhapatnam,Devices,5,11232.03,1123.2,0.08
ORD01920,2026-06-24,Customer_01920,Visakhapatnam,Medicines,1,10263.75,1129.01,0.09
ORD01921,2026-06-28,Customer_01921,Visakhapatnam,Wellness,2,10941.55,1312.99,0.1
ORD01922,2026-06-04,Customer_01922,Visakhapatnam,Personal Care,3,9973.27,1296.53,0.11
ORD01923,2026-06-08,Customer_01923,Visakhapatnam,Devices,4,10651.06,1491.15,0.12
ORD01924,2026-06-12,Customer_01924,Visakhapatnam,Medicines,5,9682.78,1452.42,0.13
ORD01925,2026-06-16,Customer_01925,Visakhapatnam,Wellness,1,10360.58,1657.69,0.14
ORD01926,2026-06-20,Customer_01926,Visakhapatnam,Personal Care,2,11038.37,883.07,0.15
ORD01927,2026-06-24,Customer_01927,Visakhapatnam,Devices,3,10070.1,906.31,0.16
ORD01928,2026-06-28,Customer_01928,Visakhapatnam,Medicines,4,10747.89,1074.79,0.17
ORD01929,2026-06-04,Customer_01929,Visakhapatnam,Wellness,5,9779.61,1075.76,0.18
ORD01930,2026-06-08,Customer_01930,Visakhapatnam,Personal Care,1,10457.41,1254.89,0.19
ORD01931,2026-06-12,Customer_01931,Visakhapatnam,Devices,2,11135.2,1447.58,0.2
ORD01932,2026-06-16,Customer_01932,Visakhapatnam,Medicines,3,10166.92,1423.37,0.0
ORD01933,2026-06-20,Customer_01933,Visakhapatnam,Wellness,4,10844.72,1626.71,0.01
ORD01934,2026-06-24,Customer_01934,Visakhapatnam,Personal Care,5,9876.44,1580.23,0.02
ORD01935,2026-06-28,Customer_01935,Visakhapatnam,Devices,1,10554.24,844.34,0.03
ORD01936,2026-06-04,Customer_01936,Visakhapatnam,Medicines,2,11232.03,1010.88,0.04
ORD01937,2026-06-08,Customer_01937,Visakhapatnam,Wellness,3,10263.75,1026.38,0.05
ORD01938,2026-06-12,Customer_01938,Visakhapatnam,Personal Care,4,10941.55,1203.57,0.06
ORD01939,2026-06-16,Customer_01939,Visakhapatnam,Devices,5,9973.27,1196.79,0.07
ORD01940,2026-06-20,Customer_01940,Visakhapatnam,Medicines,1,10651.06,1384.64,0.08
ORD01941,2026-06-24,Customer_01941,Visakhapatnam,Wellness,2,9682.78,1355.59,0.09
ORD01942,2026-06-28,Customer_01942,Visakhapatnam,Personal Care,3,10360.58,1554.09,0.1
ORD01943,2026-06-04,Customer_01943,Visakhapatnam,Devices,4,11038.37,1766.14,0.11
ORD01944,2026-06-08,Customer_01944,Visakhapatnam,Medicines,5,10070.1,805.61,0.12
ORD01945,2026-06-12,Customer_01945,Visakhapatnam,Wellness,1,10747.89,967.31,0.13
ORD01946,2026-06-16,Customer_01946,Visakhapatnam,Personal Care,2,9779.61,977.96,0.14
ORD01947,2026-06-20,Customer_01947,Visakhapatnam,Devices,3,10457.41,1150.32,0.15
ORD01948,2026-06-24,Customer_01948,Visakhapatnam,Medicines,4,11135.25,1336.23,0.16
ORD01949,2026-06-18,Customer_01949,Guntur,Wellness,5,3048.05,396.25,0.17
ORD01950,2026-06-22,Customer_01950,Guntur,Personal Care,1,2785.29,389.94,0.18
ORD01951,2026-06-26,Customer_01951,Guntur,Devices,2,2969.22,445.38,0.19
ORD01952,2026-06-02,Customer_01952,Guntur,Medicines,3,2706.46,433.03,0.2
ORD01953,2026-06-06,Customer_01953,Guntur,Wellness,4,2890.39,231.23,0.0
ORD01954,2026-06-10,Customer_01954,Guntur,Personal Care,5,2627.63,236.49,0.01
ORD01955,2026-06-14,Customer_01955,Guntur,Devices,1,2811.56,281.16,0.02
ORD01956,2026-06-18,Customer_01956,Guntur,Medicines,2,2995.5,329.5,0.03
ORD01957,2026-06-22,Customer_01957,Guntur,Wellness,3,2732.73,327.93,0.04
ORD01958,2026-06-26,Customer_01958,Guntur,Personal Care,4,2916.67,379.17,0.05
ORD01959,2026-06-02,Customer_01959,Guntur,Devices,5,2653.9,371.55,0.06
ORD01960,2026-06-06,Customer_01960,Guntur,Medicines,1,2837.84,425.68,0.07
ORD01961,2026-06-10,Customer_01961,Guntur,Wellness,2,3021.77,483.48,0.08
ORD01962,2026-06-14,Customer_01962,Guntur,Personal Care,3,2759.01,220.72,0.09
ORD01963,2026-06-18,Customer_01963,Guntur,Devices,4,2942.94,264.86,0.1
ORD01964,2026-06-22,Customer_01964,Guntur,Medicines,5,2680.18,268.02,0.11
ORD01965,2026-06-26,Customer_01965,Guntur,Wellness,1,2864.11,315.05,0.12
ORD01966,2026-06-02,Customer_01966,Guntur,Personal Care,2,3048.05,365.77,0.13
ORD01967,2026-06-06,Customer_01967,Guntur,Devices,3,2785.29,362.09,0.14
ORD01968,2026-06-10,Customer_01968,Guntur,Medicines,4,2969.22,415.69,0.15
ORD01969,2026-06-14,Customer_01969,Guntur,Wellness,5,2706.46,405.97,0.16
ORD01970,2026-06-18,Customer_01970,Guntur,Personal Care,1,2890.39,462.46,0.17
ORD01971,2026-06-22,Customer_01971,Guntur,Devices,2,2627.63,210.21,0.18
ORD01972,2026-06-26,Customer_01972,Guntur,Medicines,3,2811.56,253.04,0.19
ORD01973,2026-06-02,Customer_01973,Guntur,Wellness,4,2995.5,299.55,0.2
ORD01974,2026-06-06,Customer_01974,Guntur,Personal Care,5,2732.73,300.6,0.0
ORD01975,2026-06-10,Customer_01975,Guntur,Devices,1,2916.67,350.0,0.01
ORD01976,2026-06-14,Customer_01976,Guntur,Medicines,2,2653.9,345.01,0.02
ORD01977,2026-06-18,Customer_01977,Guntur,Wellness,3,2837.84,397.3,0.03
ORD01978,2026-06-22,Customer_01978,Guntur,Personal Care,4,3021.77,453.27,0.04
ORD01979,2026-06-26,Customer_01979,Guntur,Devices,5,2759.01,441.44,0.05
ORD01980,2026-06-02,Customer_01980,Guntur,Medicines,1,2942.94,235.44,0.06
ORD01981,2026-06-06,Customer_01981,Guntur,Wellness,2,2680.18,241.22,0.07
ORD01982,2026-06-10,Customer_01982,Guntur,Personal Care,3,2864.11,286.41,0.08
ORD01983,2026-06-14,Customer_01983,Guntur,Devices,4,3048.05,335.29,0.09
ORD01984,2026-06-18,Customer_01984,Guntur,Medicines,5,2785.29,334.23,0.1
ORD01985,2026-06-22,Customer_01985,Guntur,Wellness,1,2969.22,386.0,0.11
ORD01986,2026-06-26,Customer_01986,Guntur,Personal Care,2,2706.46,378.9,0.12
ORD01987,2026-06-02,Customer_01987,Guntur,Devices,3,2890.39,433.56,0.13
ORD01988,2026-06-06,Customer_01988,Guntur,Medicines,4,2627.63,420.42,0.14
ORD01989,2026-06-10,Customer_01989,Guntur,Wellness,5,2811.56,224.92,0.15
ORD01990,2026-06-14,Customer_01990,Guntur,Personal Care,1,2995.5,269.59,0.16
ORD01991,2026-06-18,Customer_01991,Guntur,Devices,2,2732.73,273.27,0.17
ORD01992,2026-06-22,Customer_01992,Guntur,Medicines,3,2916.67,320.83,0.18
ORD01993,2026-06-26,Customer_01993,Guntur,Wellness,4,2653.9,318.47,0.19
ORD01994,2026-06-02,Customer_01994,Guntur,Personal Care,5,2837.84,368.92,0.2
ORD01995,2026-06-06,Customer_01995,Guntur,Devices,1,3021.77,423.05,0.0
ORD01996,2026-06-10,Customer_01996,Guntur,Medicines,2,2759.01,413.85,0.01
ORD01997,2026-06-14,Customer_01997,Guntur,Wellness,3,2942.94,470.87,0.02
ORD01998,2026-06-18,Customer_01998,Guntur,Personal Care,4,2680.18,214.41,0.03
ORD01999,2026-06-22,Customer_01999,Guntur,Devices,5,2864.11,257.77,0.04
ORD02000,2026-06-26,Customer_02000,Guntur,Medicines,1,3048.05,304.81,0.05
ORD02001,2026-06-02,Customer_02001,Guntur,Wellness,2,2785.29,306.38,0.06
ORD02002,2026-06-06,Customer_02002,Guntur,Personal Care,3,2969.22,356.31,0.07
ORD02003,2026-06-10,Customer_02003,Guntur,Devices,4,2706.46,351.84,0.08
ORD02004,2026-06-14,Customer_02004,Guntur,Medicines,5,2890.39,404.65,0.09
ORD02005,2026-06-18,Customer_02005,Guntur,Wellness,1,2627.63,394.14,0.1
ORD02006,2026-06-22,Customer_02006,Guntur,Personal Care,2,2811.56,449.85,0.11
ORD02007,2026-06-26,Customer_02007,Guntur,Devices,3,2995.5,239.64,0.12
ORD02008,2026-06-02,Customer_02008,Guntur,Medicines,4,2732.73,245.95,0.13
ORD02009,2026-06-06,Customer_02009,Guntur,Wellness,5,2916.67,291.67,0.14
ORD02010,2026-06-10,Customer_02010,Guntur,Personal Care,1,2653.9,291.93,0.15
ORD02011,2026-06-14,Customer_02011,Guntur,Devices,2,2837.84,340.54,0.16
ORD02012,2026-06-18,Customer_02012,Guntur,Medicines,3,3021.77,392.83,0.17
ORD02013,2026-06-22,Customer_02013,Guntur,Wellness,4,2759.01,386.26,0.18
ORD02014,2026-06-26,Customer_02014,Guntur,Personal Care,5,2942.94,441.44,0.19
ORD02015,2026-06-02,Customer_02015,Guntur,Devices,1,2680.18,428.83,0.2
ORD02016,2026-06-06,Customer_02016,Guntur,Medicines,2,2864.11,229.13,0.0
ORD02017,2026-06-10,Customer_02017,Guntur,Wellness,3,3048.05,274.32,0.01
ORD02018,2026-06-14,Customer_02018,Guntur,Personal Care,4,2785.29,278.53,0.02
ORD02019,2026-06-18,Customer_02019,Guntur,Devices,5,2969.22,326.61,0.03
ORD02020,2026-06-22,Customer_02020,Guntur,Medicines,1,2706.46,324.78,0.04
ORD02021,2026-06-26,Customer_02021,Guntur,Wellness,2,2890.39,375.75,0.05
ORD02022,2026-06-02,Customer_02022,Guntur,Personal Care,3,2627.59,367.86,0.06
ORD02023,2026-06-08,Customer_02023,Tirupati,Devices,4,5165.66,774.85,0.07
ORD02024,2026-06-12,Customer_02024,Tirupati,Medicines,5,5527.25,884.36,0.08
ORD02025,2026-06-16,Customer_02025,Tirupati,Wellness,1,5888.85,471.11,0.09
ORD02026,2026-06-20,Customer_02026,Tirupati,Personal Care,2,5372.28,483.51,0.1
ORD02027,2026-06-24,Customer_02027,Tirupati,Devices,3,5733.88,573.39,0.11
ORD02028,2026-06-28,Customer_02028,Tirupati,Medicines,4,5217.31,573.9,0.12
ORD02029,2026-06-04,Customer_02029,Tirupati,Wellness,5,5578.91,669.47,0.13
ORD02030,2026-06-08,Customer_02030,Tirupati,Personal Care,1,5940.51,772.27,0.14
ORD02031,2026-06-12,Customer_02031,Tirupati,Devices,2,5423.94,759.35,0.15
ORD02032,2026-06-16,Customer_02032,Tirupati,Medicines,3,5785.54,867.83,0.16
ORD02033,2026-06-20,Customer_02033,Tirupati,Wellness,4,5268.97,843.04,0.17
ORD02034,2026-06-24,Customer_02034,Tirupati,Personal Care,5,5630.57,450.45,0.18
ORD02035,2026-06-28,Customer_02035,Tirupati,Devices,1,5992.16,539.29,0.19
ORD02036,2026-06-04,Customer_02036,Tirupati,Medicines,2,5475.6,547.56,0.2
ORD02037,2026-06-08,Customer_02037,Tirupati,Wellness,3,5837.19,642.09,0.0
ORD02038,2026-06-12,Customer_02038,Tirupati,Personal Care,4,5320.63,638.48,0.01
ORD02039,2026-06-16,Customer_02039,Tirupati,Devices,5,5682.22,738.69,0.02
ORD02040,2026-06-20,Customer_02040,Tirupati,Medicines,1,5165.66,723.19,0.03
ORD02041,2026-06-24,Customer_02041,Tirupati,Wellness,2,5527.25,829.09,0.04
ORD02042,2026-06-28,Customer_02042,Tirupati,Personal Care,3,5888.85,942.22,0.05
ORD02043,2026-06-04,Customer_02043,Tirupati,Devices,4,5372.28,429.78,0.06
ORD02044,2026-06-08,Customer_02044,Tirupati,Medicines,5,5733.88,516.05,0.07
ORD02045,2026-06-12,Customer_02045,Tirupati,Wellness,1,5217.31,521.73,0.08
ORD02046,2026-06-16,Customer_02046,Tirupati,Personal Care,2,5578.91,613.68,0.09
ORD02047,2026-06-20,Customer_02047,Tirupati,Devices,3,5940.51,712.86,0.1
ORD02048,2026-06-24,Customer_02048,Tirupati,Medicines,4,5423.94,705.11,0.11
ORD02049,2026-06-28,Customer_02049,Tirupati,Wellness,5,5785.54,809.98,0.12
ORD02050,2026-06-04,Customer_02050,Tirupati,Personal Care,1,5268.97,790.35,0.13
ORD02051,2026-06-08,Customer_02051,Tirupati,Devices,2,5630.57,900.89,0.14
ORD02052,2026-06-12,Customer_02052,Tirupati,Medicines,3,5992.16,479.37,0.15
ORD02053,2026-06-16,Customer_02053,Tirupati,Wellness,4,5475.6,492.8,0.16
ORD02054,2026-06-20,Customer_02054,Tirupati,Personal Care,5,5837.19,583.72,0.17
ORD02055,2026-06-24,Customer_02055,Tirupati,Devices,1,5320.63,585.27,0.18
ORD02056,2026-06-28,Customer_02056,Tirupati,Medicines,2,5682.22,681.87,0.19
ORD02057,2026-06-04,Customer_02057,Tirupati,Wellness,3,5165.66,671.54,0.2
ORD02058,2026-06-08,Customer_02058,Tirupati,Personal Care,4,5527.25,773.82,0.0
ORD02059,2026-06-12,Customer_02059,Tirupati,Devices,5,5888.85,883.33,0.01
ORD02060,2026-06-16,Customer_02060,Tirupati,Medicines,1,5372.28,859.56,0.02
ORD02061,2026-06-20,Customer_02061,Tirupati,Wellness,2,5733.88,458.71,0.03
ORD02062,2026-06-24,Customer_02062,Tirupati,Personal Care,3,5217.31,469.56,0.04
ORD02063,2026-06-28,Customer_02063,Tirupati,Devices,4,5578.91,557.89,0.05
ORD02064,2026-06-04,Customer_02064,Tirupati,Medicines,5,5940.51,653.46,0.06
ORD02065,2026-06-08,Customer_02065,Tirupati,Wellness,1,5423.94,650.87,0.07
ORD02066,2026-06-12,Customer_02066,Tirupati,Personal Care,2,5785.54,752.12,0.08
ORD02067,2026-06-16,Customer_02067,Tirupati,Devices,3,5268.97,737.66,0.09
ORD02068,2026-06-20,Customer_02068,Tirupati,Medicines,4,5630.57,844.59,0.1
ORD02069,2026-06-24,Customer_02069,Tirupati,Wellness,5,5992.16,958.75,0.11
ORD02070,2026-06-28,Customer_02070,Tirupati,Personal Care,1,5475.6,438.05,0.12
ORD02071,2026-06-04,Customer_02071,Tirupati,Devices,2,5837.19,525.35,0.13
ORD02072,2026-06-08,Customer_02072,Tirupati,Medicines,3,5320.63,532.06,0.14
ORD02073,2026-06-12,Customer_02073,Tirupati,Wellness,4,5682.22,625.04,0.15
ORD02074,2026-06-16,Customer_02074,Tirupati,Personal Care,5,5165.66,619.88,0.16
ORD02075,2026-06-20,Customer_02075,Tirupati,Devices,1,5527.25,718.54,0.17
ORD02076,2026-06-24,Customer_02076,Tirupati,Medicines,2,5888.85,824.44,0.18
ORD02077,2026-06-28,Customer_02077,Tirupati,Wellness,3,5372.28,805.84,0.19
ORD02078,2026-06-04,Customer_02078,Tirupati,Personal Care,4,5733.88,917.42,0.2
ORD02079,2026-06-08,Customer_02079,Tirupati,Devices,5,5217.31,417.38,0.0
ORD02080,2026-06-12,Customer_02080,Tirupati,Medicines,1,5578.91,502.1,0.01
ORD02081,2026-06-16,Customer_02081,Tirupati,Wellness,2,5940.51,594.05,0.02
ORD02082,2026-06-20,Customer_02082,Tirupati,Personal Care,3,5423.94,596.63,0.03
ORD02083,2026-06-24,Customer_02083,Tirupati,Devices,4,5785.54,694.26,0.04
ORD02084,2026-06-28,Customer_02084,Tirupati,Medicines,5,5268.97,684.97,0.05
ORD02085,2026-06-04,Customer_02085,Tirupati,Wellness,1,5630.57,788.28,0.06
ORD02086,2026-06-08,Customer_02086,Tirupati,Personal Care,2,5992.16,898.82,0.07
ORD02087,2026-06-12,Customer_02087,Tirupati,Devices,3,5475.6,876.1,0.08
ORD02088,2026-06-16,Customer_02088,Tirupati,Medicines,4,5837.19,466.98,0.09
ORD02089,2026-06-20,Customer_02089,Tirupati,Wellness,5,5320.63,478.86,0.1
ORD02090,2026-06-24,Customer_02090,Tirupati,Personal Care,1,5682.22,568.22,0.11
ORD02091,2026-06-28,Customer_02091,Tirupati,Devices,2,5165.66,568.22,0.12
ORD02092,2026-06-04,Customer_02092,Tirupati,Medicines,3,5527.25,663.27,0.13
ORD02093,2026-06-08,Customer_02093,Tirupati,Wellness,4,5888.85,765.55,0.14
ORD02094,2026-06-12,Customer_02094,Tirupati,Personal Care,5,5372.28,752.12,0.15
ORD02095,2026-06-16,Customer_02095,Tirupati,Devices,1,5733.88,860.08,0.16
ORD02096,2026-06-20,Customer_02096,Tirupati,Medicines,2,5217.31,834.77,0.17
ORD02097,2026-06-24,Customer_02097,Tirupati,Wellness,3,5578.91,446.31,0.18
ORD02098,2026-06-28,Customer_02098,Tirupati,Personal Care,4,5940.51,534.65,0.19
ORD02099,2026-06-04,Customer_02099,Tirupati,Devices,5,5423.94,542.39,0.2
ORD02100,2026-06-08,Customer_02100,Tirupati,Medicines,1,5785.53,636.41,0.0
ORD00001,2026-04-02,Customer_00001,Hyderabad,Wellness,2,9782.26,880.4,0.01
ORD00002,2026-04-06,Customer_00002,Hyderabad,Personal Care,3,10447.07,1044.71,0.02
ORD00003,2026-04-10,Customer_00003,Hyderabad,Devices,4,9497.34,1044.71,0.03
ORD00004,2026-04-14,Customer_00004,Hyderabad,Medicines,5,10162.15,1219.46,0.04
ORD00005,2026-04-18,Customer_00005,Hyderabad,Wellness,1,10826.96,1407.5,0.05
ORD00006,2026-04-22,Customer_00006,Hyderabad,Personal Care,2,9877.23,1382.81,0.06
ORD00007,2026-04-26,Customer_00007,Hyderabad,Devices,3,10542.04,1581.31,0.07
ORD00008,2026-04-02,Customer_00008,Hyderabad,Medicines,4,9592.31,1534.77,0.08
ORD00009,2026-04-06,Customer_00009,Hyderabad,Wellness,5,10257.12,820.57,0.09
ORD00010,2026-04-10,Customer_00010,Hyderabad,Personal Care,1,10921.94,982.97,0.1
ORD00011,2026-04-14,Customer_00011,Hyderabad,Devices,2,9972.2,997.22,0.11
ORD00012,2026-04-18,Customer_00012,Hyderabad,Medicines,3,10637.02,1170.07,0.12
ORD00013,2026-04-22,Customer_00013,Hyderabad,Wellness,4,9687.28,1162.47,0.13
ORD00014,2026-04-26,Customer_00014,Hyderabad,Personal Care,5,10352.1,1345.77,0.14
ORD00015,2026-04-02,Customer_00015,Hyderabad,Devices,1,11016.91,1542.37,0.15
ORD00016,2026-04-06,Customer_00016,Hyderabad,Medicines,2,10067.18,1510.08,0.16
ORD00017,2026-04-10,Customer_00017,Hyderabad,Wellness,3,10731.99,1717.12,0.17
ORD00018,2026-04-14,Customer_00018,Hyderabad,Personal Care,4,9782.26,782.58,0.18
ORD00019,2026-04-18,Customer_00019,Hyderabad,Devices,5,10447.07,940.24,0.19
ORD00020,2026-04-22,Customer_00020,Hyderabad,Medicines,1,9497.34,949.73,0.2
ORD00021,2026-04-26,Customer_00021,Hyderabad,Wellness,2,10162.15,1117.84,0.0
ORD00022,2026-04-02,Customer_00022,Hyderabad,Personal Care,3,10826.96,1299.24,0.01
ORD00023,2026-04-06,Customer_00023,Hyderabad,Devices,4,9877.23,1284.04,0.02
ORD00024,2026-04-10,Customer_00024,Hyderabad,Medicines,5,10542.04,1475.89,0.03
ORD00025,2026-04-14,Customer_00025,Hyderabad,Wellness,1,9592.31,1438.85,0.04
ORD00026,2026-04-18,Customer_00026,Hyderabad,Personal Care,2,10257.12,1641.14,0.05
ORD00027,2026-04-22,Customer_00027,Hyderabad,Devices,3,10921.94,873.76,0.06
ORD00028,2026-04-26,Customer_00028,Hyderabad,Medicines,4,9972.2,897.5,0.07
ORD00029,2026-04-02,Customer_00029,Hyderabad,Wellness,5,10637.02,1063.7,0.08
ORD00030,2026-04-06,Customer_00030,Hyderabad,Personal Care,1,9687.28,1065.6,0.09
ORD00031,2026-04-10,Customer_00031,Hyderabad,Devices,2,10352.1,1242.25,0.1
ORD00032,2026-04-14,Customer_00032,Hyderabad,Medicines,3,11016.91,1432.2,0.11
ORD00033,2026-04-18,Customer_00033,Hyderabad,Wellness,4,10067.18,1409.41,0.12
ORD00034,2026-04-22,Customer_00034,Hyderabad,Personal Care,5,10731.99,1609.8,0.13
ORD00035,2026-04-26,Customer_00035,Hyderabad,Devices,1,9782.26,1565.16,0.14
ORD00036,2026-04-02,Customer_00036,Hyderabad,Medicines,2,10447.07,835.77,0.15
ORD00037,2026-04-06,Customer_00037,Hyderabad,Wellness,3,9497.34,854.76,0.16
ORD00038,2026-04-10,Customer_00038,Hyderabad,Personal Care,4,10162.15,1016.22,0.17
ORD00039,2026-04-14,Customer_00039,Hyderabad,Devices,5,10826.96,1190.97,0.18
ORD00040,2026-04-18,Customer_00040,Hyderabad,Medicines,1,9877.23,1185.27,0.19
ORD00041,2026-04-22,Customer_00041,Hyderabad,Wellness,2,10542.04,1370.47,0.2
ORD00042,2026-04-26,Customer_00042,Hyderabad,Personal Care,3,9592.31,1342.92,0.0
ORD00043,2026-04-02,Customer_00043,Hyderabad,Devices,4,10257.12,1538.57,0.01
ORD00044,2026-04-06,Customer_00044,Hyderabad,Medicines,5,10921.94,1747.51,0.02
ORD00045,2026-04-10,Customer_00045,Hyderabad,Wellness,1,9972.2,797.78,0.03
ORD00046,2026-04-14,Customer_00046,Hyderabad,Personal Care,2,10637.02,957.33,0.04
ORD00047,2026-04-18,Customer_00047,Hyderabad,Devices,3,9687.28,968.73,0.05
ORD00048,2026-04-22,Customer_00048,Hyderabad,Medicines,4,10352.1,1138.73,0.06
ORD00049,2026-04-26,Customer_00049,Hyderabad,Wellness,5,11016.91,1322.03,0.07
ORD00050,2026-04-02,Customer_00050,Hyderabad,Personal Care,1,10067.18,1308.73,0.08
ORD00051,2026-04-06,Customer_00051,Hyderabad,Devices,2,10731.99,1502.48,0.09
ORD00052,2026-04-10,Customer_00052,Hyderabad,Medicines,3,9782.26,1467.34,0.1
ORD00053,2026-04-14,Customer_00053,Hyderabad,Wellness,4,10447.07,1671.53,0.11
ORD00054,2026-04-18,Customer_00054,Hyderabad,Personal Care,5,9497.34,759.79,0.12
ORD00055,2026-04-22,Customer_00055,Hyderabad,Devices,1,10162.15,914.59,0.13
ORD00056,2026-04-26,Customer_00056,Hyderabad,Medicines,2,10826.96,1082.7,0.14
ORD00057,2026-04-02,Customer_00057,Hyderabad,Wellness,3,9877.23,1086.5,0.15
ORD00058,2026-04-06,Customer_00058,Hyderabad,Personal Care,4,10542.04,1265.04,0.16
ORD00059,2026-04-10,Customer_00059,Hyderabad,Devices,5,9592.31,1247.0,0.17
